word,definition
'ba,rice
'ba diêl,full
'ba diêl,plump
'bai,essay
'bai hŏk,lesson
'bak,silver
'bak,white
'bak 'bak,white
'bak kơmŏ̆ng,white
'bak si,doctor
'bal,two
'ban,pal
'ban,table
'bang,board
'bar,two
'bau tang,museum
'beng 'ngam,dessert
'bet,destroy
'bet,kill
'bet,except
'bich,lie
'bih,snake
'bih ka,water snake
'bit,illness
'bit,defend
'biêh,skillful
'biêu diên,performance
'biêu diên,perform
'biê̆,few
'biê̆,rare
'biê̆ loi,poor
'biê̆ loi,less
'blang,cassava
'bling nhip,flicker
'blip,flash
'blăn,tease
'blăn,play
'blŏch 'bom,wipe
'blŏk,remember
'blŏ̆k ling lang,restless
'boh,appear
'boh,see
'boh,salt
'boi diong,imitate
'bok,man
'bok bơgang,doctor
'bok kla kơđong,newspaper
'bok kla kơđong,leopard
'bok kla pơhum,tiger
'bok y,elder
'bok ư,elder
'bom,touch
'bot,wear
'bot,search
'bot gơdung,carry
'bot kơtam,crab
'bot ti,reach
'brôm,floor
'brông 'brang,colorful
'brŏu 'brơt,yellowish
'brơh,harm
'brơ̆u,yellow
'brư̆,ugly
'brư̆ kơnĕ,wicked
'buh,bake
'buh,grill
'buh,burn
'buh,roast
'bui nhui,coarse
'buih,yeast
'buih sơdrô,yeast
'bum,tuber
'bum bri,yam
'bum cai,turnip
'bum ngu,sweet potato
'bunh 'bŏk,simple
'buôi,session
'bô đôi,soldier
'bônh,braid
'bônh,easy
'bônh tơlăi,braid
'bôt,powder
'bă,father
'bă 'băn,stepfather
'bă mĭ,parents
'bă rong,father
'bă tơnăi,father-in-law
'bă yăng,stepfather
'băk,north
'băl,two
'băng,witchcraft
'băng,black magic
'băng,charm
'băng,magic
'bău,lake
'bău,pond
'bĕng,cake
'bĕnh,full
'bŏ,cheek
'bŭ,bury
'bŭ,fill
'bŭ,cultivate
'bŭ tơm,cultivate
'bơ,bank
'bơ krong,bank
'bơi lơi,nonsense
'bơ̆i angiêng,sound
'bơ̆i Bơhnar,Bana
'bơ̆l,mouth
'bơ̆l,speech
'bơ̆l,language
'bơ̆l nhĭm,cry
'bơ̆l pơma,voice
'bơ̆l pơma,speech
'bơ̆l pơđam,chat
'bơ̆l đon,nature
'bơ̆l đon,temperament
'bơ̆r,mouth
'bơ̆r,speech
'bơ̆r,language
'bơ̆t,bend
'bơ̆t,mold
'bưa,harrow
'bưp 'bưp,shimmer
'bỡl,sound
'bỡl krau,call
'bỡl kơkuh,greeting
'leh,trapped
'long,tree
'long,wood
'long 'bươ,plough
'long adê,bamboo
'long anong,pole
'long arĕn,daughter-in-law
'long arĕn,mulberry
'long atung 'yung,grow
'long bri,trees
'long chih,pen
'long dơnăng,ironwood
'long jra,stick
'long jra,crutch
'long kăi,plough
'long kơdrưng,tree
'long lơngơ̆u,sesame
'long pơtăm,plant
'long sơhmuôn,tree
'long trang,wipe
'long trang,mop
'long tung,pole
'long tŭl,pole
'long wăk,stick
'long ŭnh,fuel
'long ŭnh,wood
'luôn,sip
'luôn đak,sip
'lĕp 'lĕp,carefree
'lơ̆p,child
'lơ̆p,hat
'lơ̆p 'bềnh,less
'lơ̆p 'lang,young
'lơ̆p loi adrol,younger
'lưng,good
'lưng liêm,good
'ma,right
'mem bơnat,fond
'mem bơnat,love
'mem bơnat,affection
'mem bơnat,close
'mem mơnat,fond
'mem mơnat,close
'mem truh luôch,loyal
'mi,rain
'mi prăng măng sơđah,favorable
'mik,smear
'miêu,left
'moih,greedy
'moih,like
'moih,want
'moih dĕk,funny
'moih sŭng,urinate
'mong,hate
'muôi,insect
'muôi,lizard
'măm,swallow
'măng,door
'măng,time
'măng,turn
'măng 'mok,window
'măng năm,trip
'măng tơm,door
'mĕt,press
'mĕt,squeeze
'mĕt,pinch
'mơn,with
'mơn,reach
'mơ̆u,stinky
'mơ̆u brư̆,pungent
'mơ̆u hnong 'ba,straw mushroom
'nao,fresh
'nau,new
'ngam,sweet
'ngil,rib
'ngiêng,hip
'ngok,brain
'ngot,saw
'ngot,cut
'nguk,nod
'nguk kơ̆l,nod
'nguôn akău,hide
'nguôn sriêp,secret
'ngĕnh 'ngĕnh,shake
'ngĕnh 'ngĕnh kơ̆l,shake
'ngơn,look
'ngơn,look up
'ngưk ich,beetle
'nhau,wash
'nhau phe,rice
'nhă 'long,sawdust
"'nhem sa, đô sa",food
'nheu,squint
'nheu măt,squint
'nhik,shovel
'nhon,hamstring
'nhon jưng,hamstring
'nhui,smoke
'nhă,waste
'nhă pơlai,butterfly
'nhăt,have
'nhăt,grass
'nhĕk,suddenly
'nhŏng,brother
'nhŏng mai,siblings
'nhŏng oh,siblings
'nhŭ,sour
'nhŭ,vinegar
'nhŭ,salt
'nhŭ,fish sauce
'nhŭ asĕch,fish sauce
'nhŭ hla chơ'bĕi,pickle
'nhŭ hla kai,pickle
'nhŭ ka,meatfish sauce
'noh,that
'noh,then
'noh hĕi,ago
'nu,human
'nu,person
'năk,stake
'năk srŏng,obstacle
'năp,weakness
'năp,vulnerability
'năr,day
'năr 'năr,daily
'năr abri,yesterday
'năr adrơu,today
'năr brư,bad day
'năr chruh kơ̆l,Tet
'năr dơning,tomorrow
'năr dơnuônh,dayaftertomorrow
'năr dưng,noon
'năr iơ̆u,daybeforeyesterday
'năr jrang,afternoon
'năr kơnă kơnơ̆l,holiday
'năr lưng,auspiciousday
'năr minh,NewYear'sDay
'năr minh jĭt,tenth
'năr mưt,twilight
'năr sa mŏk,harvestfestival
'năr sơtêt,Tet
'năr tơman,daybeforeyesterday
'năr tơmĕt,daybeforeyesterday
'năr yơ ơ̆u,daybeforeyesterday
'nơ̆u,this
'yem,you
'yer,chicken
'yer ŏ,crow
'yi 'yơĭ,relocate
'yoh ai,shame
'yol,flow
'yol blai,gush
'yung,rise
'yung hral,wake
'yung đưng tep,wake
'yôt gơdung,bend
'yăo 'yŭk,education
'yĕ,small
'yĕr,chicken
'yĕr,hen
'yĕr 'yŏng,hen
'yĕr choh 'ba,pecking
'yĕr jô̆,chicken
'yĕr tơ'mông,rooster
'yĕr tơmông,rooster
'yĕr yŏng,hen
'yŏk,take
'yŏk,receive
'yŏk 'bơt,reduce
'yŏk 'long ŭnh,gather
'yŏk adrol,borrow
'yŏk chơtŭ,tease
'yŏk dơ̆ng,scoop
'yŏk jên ruôt tơmam,spend
'yŏk pơnưp,tease
'yŏk tơgah,remove
'yŏk tơlêch,remove
'yŏng,hen
'yŭ,fear
'yŭ,panic
'yŭ lĭch,tourism
'yềr bri,pheasant
('long) hơ-iơl,bamboo
",xang-xar",Slipping
1,one
10,ten
2,two
3,three
4,four
5,five
6,six
7,seven
8,eight
9,nine
_krăm,overwhelmed
abrĕn,numb
abrĕn jưng,numbfoot
abrĕn ti,numbhand
abô,"The same, similar"
abĕn,skirt
abŭt,storm
abơ̆,swipe
abơ̆u,thousand
achek,Pineapple
achep,handful
achom,segment
achom,"collide, clash"
achom kruôĭ 'bŏng,grapefruitsegment
achon,island
achot,"press against, lean"
achâm,collide
achăm,crispy
achăng,"Abandon, leave, leave, let go, throw aside"
achŭt,push
ada,duck
ada,Duck
adal adal,careful
adal adal,gently
adal adal,leisurely
adiang,Scorpio
adoih,Ouch
adon,arrange
adrah,Mix
adral,mark
adrang,expel
adrech kon kơng,ethnic
adreng,"Grill, burn, roast"
adrih,Raw
adrih 'ba,rice
adrih 'ba,seedling
adrin,excessive
adrin,"Strive, strive, make every effort to"
adroi,before
adrol,before
adruh,woman
adruk,jump
adrung,coop
adrung 'yĕr,coop
adrung 'yĕr,chicken coop
adrà,dry
adrêch,breed
adrêch,lineage
adrĭng,together
adrĭng,with
adrĭng,meat
adrũn,bow
adrơ,face
adrơ măt,face
adrơ̆i jul,wish
adrơ̆i jul,decline
adơi,together
agah,outside
agal,"Hat, turban, crown"
agrop,"To unite, to bring together"
agrưch,slanted
agĕi,skillful
ahrĕi ơu,now
ai brư̆,misfortune
ai bĭ mah,risk
ai bĭ mah,unlucky
"ajum, pojum","Together, in common."
ajât,enemy.
ak,Crow
akan,"Woman, wife, female"
akap,trap
akap,Trap 
akar,"Skin, leather"
ake,Horn
akhan,speak
akhan,say
akhan ăn,reply
ako,"Neck, collar"
"akop, pokôp","pair, couple, unite, reunite"
akuk,flu
akuk,influenza
akuk,"Cold, to have cold"
akâu,Body
akôta,"On the spot, in the same place, at the same time."
akău,body
akĕ,thin
akĕ akoih,twisted
akĕ akĕ blong blong,slender
akŏm,harvest
akŭol,"Platoon, platoon"
akơn,pillow
akơn,lean
al,chop
ala,under
alah,lazy
alah ko,Dislike
alah plach,false
alah plach,deceitful
aleh,free
aliet,touch
"alu, lu","Engage, excite, push, advise, exhort."
alâk,Countless
alê̆,know
alăng,clever
alăng,skillful
alăng,alert
alăng aluôh,wise
amem bơnat,cherish
amem bơnat,fondle
amem mơnat,cherish
amem mơnat,fondle
ami phun,drizzle
amil,Mirror
amrel,"To ridicule, to mock, to mock bitterly, "
amrĕ,pepper
amrĕ,chili
amrĕ 'ngam,pepper
amông,room
amông pit,banana
amăk,cost
amăk,hook
amơt,feel
amơt kơtam,crab
an,Saddle.
an ninh,security
"anai, ou nai","Another, another, others."
anam,"Grains of pearls, beads."
anat,difficult
ang,"Light, luminous, shine, shine. "
angiêng,yell
angiêng,shout
anglo,"age, century"
anglŏ anglơi,normal
anguôn,hide
angŏi,hide
anha,Carrelet
anhan,silent
anhang,resonate
anhang,Echo
anheh,"Often, frequently"
anhuk,collapse
anhul,tease
anhôk,"strangle, hang"
anhôm,focus
anhông,"Sing, songs"
anhĭn,move
anhŭk,invite
anhơi,show
ani,"Middle, in the middle, half."
anol,"Attempt, try, experiment"
anong,carry
anong măng,late
anung,wrap
anung,package
anô̆,front
anô̆ ană,later
anô̆ kơnh,later
anăn măt,name
anŭk,"advise, suggest"
anŭl,joke
apaa,"tiring, painful"
apach,strange
apach,rub
apah,"reward, pay"
apal,fly
apal tơjul,attack
apang,argument
apinh,demand
apinh,ask
apinh,request
apinh,"Ask, pray, question"
apinh sa,beg
apo,dream
apoh,spread
apoih,fire
apoih,torch
apom,"Round, cylindrical"
apreng,tilted
apuih,clean
apuih hnam,clean
apung,hometown
apung,areas
apung,homeland
apung kông,mountainous
apung kông nghêp,industrial zone
apôm,round
apăl,fly
apăl asơl,soar
apăng,listen
apăr,fly
arah,bedbug
arang,Flower
arang unh,"Sparks, flame."
areh,hate
areh,hate
arih,alive
arih,unripe
arih,fresh
ară,remain
ară,still
ară tôm,healthy
ară tôm,intact
arăn,"Cease, discontinue"
arăng,"Arrow, bullet"
arăng,"Compact, dense, firm"
asai,sentence
asai ka,fishing
aseh,horse
aseh gơdah,statue
aseh gơdah,kick
asiu asău,giggling
asong,divide
asu,build
asu sim,cover
asĕch,meat
asĕch,fish
asĕch phuk,rotten meat
asĕch sĭn,cooked
asĕng asĕng,tilted
ataih,"Far, far away"
atak,think
atam,"Add, increase"
atau,stand
atau,corpse
atech,disappear
athai,"Mandate, recommend"
athu,cover
athu,build
athu,shelter
athu 'mi,shelter
atoi,"load to carry on the shoulder cross, beam ."
atoih ko,unlike
atol,hang
atol,suspend
atoét,"Finally, lastly"
atuch,end
atung,eating
atung sa,eating
atô,"Equal, equally, like, similarly"
atôm,pick up
atăk,roof
atăk hnam,roof
atăk măt,name
atăng,swell
atŏng phau,barrel
atơ̆t,armor
atơ̆u,ghost
au,shirt
au,dress
au,clothes
au mă 'noh,that
axong,"Share, share, distribute"
ayuh,cold
ăn,give
ba,we
ba,rice
ba,Accompany
ba nêp,glutinousrice
bah rok đak,downstream
bahach,Whisper
bahach,"melt, liquefy"
bahang,Pepper
bai,field
bal,field
bat,immitate
bech-boch,gibbon
beh,touch
beh,Getting used to
bek,fat
bek,"Fat, obese, overweight"
bek 'bŏ,chubby
bel,"In the future, later, one day"
beng,full
benh,Curly
bet,pierced
bia,gold
bia hong,Crocodile.
bih,you
bih,snake
binh thương,normal
bio,Little
bioh,skillful
"biâng, biong",Urinate
biêk pơm,do
biêt,put
blach,Larynx
blah,thing
blah,canvases
blah,War
blai,overflow
blai,Overflow
blak,cockroach
blang,alternatively
blang,"Expose, explain, report"
blat,"slice, slicing"
"blieo, pley ",Kidneys.
bling bling,flutter
blo,ferment
blon,Square
blu,thigh
blu,Thigh
bluch,relinquish
bluh lêch,emerge
bluh lêch,step
bluih,"boil, boiling"
blung,crawl
blung,fish
bluôt ou blut,disappoint
blôk ou blŭk blôk,regret
blông,boast
blăn,tease
blăng-bluh,Lemongrass
blŏch,stroke
blŏch,caress
blŏch ti,massage
blŭ blă,bustling
blŭng,obstacles.
blŭng adrol,surpass
blơng khơng,orchestra
blưk pit,bunch
bo,"abundance,"
bo,"Pale, withered"
bodao,"try,"
bodo,pledge
bodreng,Rainbow.
bohiar,"unfold,"
boih,then
boja,weasel.
bok,"Grandfather, grandfather, great uncle, father in law, male ancestors"
bolang,"Expose, explain"
bom,bomb
bom,Reach
bonak,sapwood
bone,"grateful,"
bop,"deformed, dented."
bor,bridge
bot,introduce
bou,mention
"bou, mou","smell, exhale"
boxorây,Measles.
boxu,invite
bral,terror
brang,sparse
brat,Tasty
"bre, bre bre",carefully
breh,"Sca
r"
breh grăng,robust
breng,"Lose your temper, snap"
bri,forest
bri,"Forest, countryside, woods"
bri anat,jungle
bri atơ̆u,cemetery
bri hơmôi,jungle
bri kră,jungle
bri kông,mountainous
"brot, brât","Remove, tear off"
bruch,Smile
brêng brang,light
brôk.,"Walk, go, leave."
"brôm, mrom","Arrow, bullet"
brăng,black.
brưng gơleh,pattern
brư̆,evil
brư̆,fierce
brư̆,dirty
brư̆,stained
brư̆ brich,ugly
brư̆ kơnĕ,wicked
brư̆ kơnĕ,ferocious
bu,who
bu-bui,Dust
buch,pluck
buch,pull
buch,"extirpate,"
buh,"roast,"
"buhum, muhum",reparation
buhut,"storm, typhoon."
bui,happy
bui 'nhông,bustling
buih,Ferment
buk,rotten
buk,empty
buk,"shipwrecked, capsize"
buk,Mattress.
bul,"Drunk, intoxication"
bum,"potatoes,"
"bun, bôn",forearm.
bung,barnyardgrass
"buon, buân","dedicate, vow"
buuh,Sweat.
"buâh, buoh",complain
bâng-brang,"Rare, seldom"
bât,"Salty, tasty"
bây,Maybe
bê đak,reservoir
Bô Chinh Tri,Politburo
bôbe,goat
bôbeh,Whispering
bôbeng,"necklace,"
"bôbot, pobot","rush, hasten "
bôbui,Dust
bôbung,mountain summit
bôbut,owl
"bôdar, podar","surround,"
bôdoh,explode.
bôdong,"erect, elevate"
bôdor,horrifies
bôdriu,"Awaken, rouse"
bôdro,"Selling, buying, trading"
bôdrông-bôdrang,Argue
bôdôm,begin
bôgri,"Messy, dirty"
bôgrông,"Disobeying, resisting "
bôgâm,Oppress
bôgâu,"resentment,"
bôgôt,confiscating
bôgù,"horrible,"
bôk,"Slow, late, clumsy, straggler, inactive"
bôkan,Ruminate.
bôkoih,Itching
bôkuey,Lizard.
bôkung-kleng,frizzy.
bôla,Ivory
bôleh,bleeding.
bôloi,"certain, certainly"
bôlok,"Elsewhere,"
bôluk,Dizzy
"bôlâu, hla bolâu",Betel.
bôlôh,alternately
bôlăm,"Chatting, talkative"
"bôna, mona",prisoner.
bông,"testicles,"
bônga,"Fatality,"
bôngai,"Man, men, the human race."
bôngang,ants
bôngieng,jealousy.
bôngoh,humiliate
bônh,convenient.
"bônhan, monhan","Refuse, resist,"
bônhul,"Poisonous, poisonous, unhealthy."
bôp,sprout
bôthi,sacrifices
bôtho,"instruct, teach"
bôti,orphan
bôxam,Pheasant.
bôxat,Cemetery
bôxe,"Tease, annoy"
bôxuh,Fencing.
bôxâu,"oysters, mussels "
bô̆,set
băp cai,cabbage
băt,miss
băt,longing
bĭ,no
bĭ kơnă,cheap
bĭ lah 'boh,strange
bĭ mah,lack
bĭ man,fail
bĭ thê̆,bad
bĭ trŏ,wrong
bĭ wã sa,appetiteless
bĭ yôk,uncomfortable
bĭ ăn,forbid
bĭ ơĭ 'long,barrenhill
bŏ,bundle
bŏ 'long ŭnh,bundle
bŏk,hoe
bŏk teh,hoe
bŭ,bury
bŭdol,"Replace,"
bŭh,"Either,"
bŭh bŭh,"Persistently, repeatedly"
bŭk,Rotten
bŭl,scarerow
bơ'nuôl hnam,roof
bơbê,goat
bơda,rainbow
bơdal,rotate
bơdal,revolve
bơdiêu,return
bơdong,sad
bơdrăng,resist
bơdrŏng,rich
bơdrưng,resist
bơdung,rabbit
bơdê,despise
bơdê,sarcastic
bơdô,lullaby
bơdô kon,lullaby
bơdô̆,hide
bơdô̆ 'mi,shelter
bơdŏ,trap
bơdŏ năng,compare
bơdŏ sem,birdtrap
bơdơi,rest
bơdư,silent
bơdư bơdong,sad
bơdư sreh,silent
bơdưng,build
bơdưng hnam,build
bơgah krong,estuary
bơgang,medicine
bơgrong sa kơpô,buffalo-slaughter
bơgê,dawn
bơgê,morning
bơgê sruôih,morning
bơgơm,proud
bơhnar,Ba-na
bơhngol,soul
bơih,then
bơjan,refuse
bơjăng,cling
bơla ruôih,ivory
bơlang kai,bird
bơlau,island
bơluk,stupid
bơlŏ,cold
bơlŏ,fever
bơlŏ lơngoh,cold
bơlŭ bơlă,mixed
bơlŭ bơlă,confused
bơnat,fond
bơnat,love
bơnat,affection
bơne,thanks
bơne,praise
bơne dih bơl,wish
bơne dih bơl,praise
bơne tap ti,acclaim
bơngai,person
bơngai grông,adult
bơngai hơ'yoh,youth
bơngai ji,patient
bơngai juăt,acquaintance
bơngai kră,elderly
bơngai kră ŭnh,owner
bơngai kuê̆,stranger
bơngai luôch,corpse
bơngai nưih sơhngơ̆m,warrior
bơngai sơmah,shaman
bơnăt đak,dam
bơplênh,dangerous
bơ̆n,we
bơ̆n,I
bơ̆t,block
bơ̆t,prevent
bơ̆t,hinder
bơ̆t bơnăt đak,dam
bưt đak,dike
bưu điên,post
bươ bươ,both
bẽ,go
bếng,wear
cai thao,cabbage
cao su,rubber
cha,seek
cha,wear out
chai,"Resin, glass"
chal,there
chal,"reciprocate, restore"
cham pơlĕi,rural
chan,Trap
chang,busy
chang,waiting.
chang,better.
chanh,lemon
chanh dây,passion fruit
char,Wild cat.
charaih,Combing
"charang, xarang",Dart
chau,hello
che,cloth
che,tea
che,scarf
"che, hla che",Tea
chek,"grow, increase "
chek,Fertile
chen,bowl
chen,cup
cheng,"separation,"
chep,"Carry, hold"
cheu,dig
cheu,stir
cheu,chisel
chi thi,directive
chich,sting
chih,write
chih,paint
chih akău,tattoo
chil,Pay debt
ching,cymbal
chinh tri,politics
chiêm,wedge
chiêm,clip
chiêm,trap
chiêm,lead
chiêm săng,clip
chiêm săng,ambush
chiêm săng,stab
chiêu,mat
chiêŭ,screen
chiêŭ,screening
choa,"Paddle, oar"
chobu,Fist
chodo,Rhino horn.
choh,peck
choh,"dig, scrape "
choh 'ba,peck
chokul,Steaming
chon,"Elite, intelligent, expert "
chong,"Clearing,"
chonh,Buy
chop,lurk
chop,sneak
chop,tiptoe
chopét,Pinch
chor,"Digging channel, canal, artery"
chro,worry
chro đi,worry
chro đon,think
chroh,diarrhea
chruh kơ̆l,celebrate
chruh kơ̆l đe hơ'yoh,mid-autumn
chruh kơ̆r,celebrate
chruh đak,water
chrĕk,canal
chu,Smallpox
chu chi,grind
chu nhơ̆t,sunday
chu nhơ̆t,Sunday
chu tich,president
chul,lime
"chuoh, choâh",sand
chup,pounce
chup,lunge
chuô,temple
chuôh,sand
"châl, chôl","Squeeze, stuff"
châr,split
châu,penetrate.
"chét, chiet",trim
chê,scold
chê,cloth
chô,tie
chô,"Bind, garrote, tie"
chôgông,teapot
chôh,bloom
chôkŭng,"Rich, fortunate, successful"
chôme-chômoi,gossip 
chông,paddle
chông thŏng,row
chônong,"But, however"
chôri,Indeed
chôrih,"astonishing, strange, extraordinary, marvelous"
chôroh,Diarrhea
chôruh,baptize
chô̆,tie
chô̆ lơhông,cage
chô̆̆ al,tie
chă,earn
chă,find
chă hming,treat
chă jơluk jơlăk,search
chă ruih,check
chă wă alê̆,investigate
chăl,split
chăm Hroi,Cham
chăng,ignore
chăng hơ,ignore
chđeh teh,area
chĕp,lead
chĕp,carry
chĕp tơ'nhơĭ,lift
chŭt ŭnh,kindle
chơ,carry
chơ'nhot chơ'nhat,wrinkled
chơdah,dawn
chơdŏng hnam wal,roof
chơhleng chơhlot,hazy
chơhlung,tunnel
chơhlung,pit
chơhning,block
chơhning,shield
chơhnong,straw
chơke,boar
chơkep,grasp
chơkăt 'bơ̆l,promise
chơkăt 'bơ̆l,swear
chơkŭp hnam,eaves
chơmuk,receive
chơmuk,press
chơneh,basket
chơnglôk chơnglak,fuss
chơnĕch,roughly
chơnŭp,pinch
chơnŭp,handful
chơnŭp phe,pinch
chơnŭp phe,handful
chơpik,civet
chơpik,weasel
chơpuih,sweep
chơpuih hnam,sweep
chơrau,shrike
chơđa,span
chơđah chơđang,cracked
chơđeh,panel
chơđeh,piece
chơđeh che,cloth
chơđeh che,patch
chơđong,trap
chơ̆,market
chơ̆m 'bai,grading
chơ̆m thi,grading
chư,character
chương trinh,programs
chớt,"Content, cheerful, joyful"
cu thê,specific
dach,always
dach,frequently
dah,"quickly, hasten"
dah,"Germinate,"
dai,"Slow, slowly"
dak,"sea, river"
"dak, năk",Spear trap set for per
dal,gentle
dal,Until
dal wang,around
dam,Servant
dam,Coincide.
dang,suddenly
dang,"Advantage, profit"
dang 'noh,about
dang 'noh,level
dao,Saber
deh,emerged
dek,laugh
dek hiê hiê,giggle
"dek, dik, dúk","Lift, remove"
dek-dôk,"Hiccups,"
del,footsteps
deng,"spell, curses"
dep,sandal
di,Finished
dibal,"Mutually, reciprocally"
dien,Short
dieng,Unemployed
diet,take advantage of 
dih bơl,each other
dih plơh,desire
dik,slaves.
dil hnam,roof
dim,"Sweet, patient, gentle, leniency, affability"
ding,"Tube, pipe"
diong,obey
diong,follow
"diu, du","escape, flee"
diêl,firm
diêl,plump
diă dia,Gradually
dobuenh,"Round, cylindrical."
doch,"suction,"
dodi,Sometimes
dodioh,solitude.
"dodrang, todrang",Cage
dodring,"Together,"
dodrŭ,earthquake.
dodôn,mound
dogu,"Inflammation, swelling"
doh,"Burst, explode"
doh,free
doh gop,earrings
dohlông,"restraints,"
dohniet,Tighten 
doih,"withdraw, pulling, extract"
dok,"Rice bran, wheat bran"
dol long,marrow
don ,unreasonable
dong,answer
dong,stand still
dong,"from, since"
donhum,Iron wood
donong,Perennial
donung,bladder.
donâu,"Pond, lake."
dop,Cover.
"dorang, dorông",Flames
dorey,shivering
dot,"stop, prevent, block"
"doxalam, xalam","Interval, between"
doxieng,Bowstring.
dra,Dry
drakăn,Wife
dreng,Beads
driêu,swing
driêu,shout
drong,"Answer, promise"
drou,Today
druei,"Bored, sad, disgusted, discouraged."
druh,chase
druh,expel
druh,"frighten,"
drut,"push, advance"
"drôk, kit-drôk",Toad
dră,dry
dră drang,cluttered
drŏng,strand
drŏng,piece
drŏng,a
drŏng duôh,chopstick
drŏng sŏk kơ̆l,hair
drơ̆u,6
drơ̆u,six
duch,aunt
duch pơtho,teacher
duh,complete
dui,pull
dui,hold
dui,drag
dui dih bơl,support
dul,gate
dum,Red
duon,Hat
duot,"Extract, pull out"
dur,Palisade
dut,pushing
duôh,chopsticks
duôl,width
duônh,pick
dâp,"Everything,"
"dâp, dop",blanket
dé,Stupid
dêh,excessive
dêh,very
dêh,much
dêh,strong
dô dô,bent.
dôba,branch
dôdok,Embarrassing
dôdă,"Stammer, stutter"
dôgrop,unite
dôh,"Interrupt, cease"
dôh,harmless
dôhmăn,comfortable.
dôl,Solid
dôl,Shallow 
dôl,"support, prop up"
dôlam,"Interior, chamber, compartment"
dôm,several
dôm,many
dôm yơ,several
dôm yơ,many
dônen,Anvil.
dông,"Help, rescue, save, redeem"
dông,Leaning
dông,Shallow
dônh,"collect,"
dôning,Tomorrow.
"dônõl, tônôl",pillar
dôreh,"deviate, move away"
dôrey,Shrubs 
dôŭk,Monkey
dù,Imbecile
dăm 'long,veneer
dĕk,laugh
dĕk chơt,smile
dĩ,Prefer
dĭ,of
dŭk,"Lift, lift."
dơbeh,cheat
dơblenh,sadness
dơblenh,sad
dơbuh,jump
dơbŏng,poke
dơbŏng,point
dơbŏng,receive
dơbŏng đak,collect
dơbưk,machete
dơbưk muih,machete
dơdrơ̆u,six
dơdui,tug
dơgal,jealousy
dơgal 'yŏk,occupy
dơgal 'yŏk,seize
dơgiêng lư,lush
dơglưm,wrestle
dơgơ̆,break
dơlô̆,retch
dơngưl,stake
dơnuh,poor
dơnuh nan,poor
dơnŏ,place
dư dư,clumsy
dồnuh,"Poor, destitute, miserable."
e,you
ech,Basil
eng,burden
eren,Gnawing
erey,Sow 
erih,"Live, alive"
"eriu, oriu","wake up, awake"
et,drink
et,Drink
et phep,sip
et phep sơdrô,sip
et đak,drink
"exai, ôxai","Fishhook, angling"
"exi, oxi","Song, sing, cry"
ga,"like, love"
gach,brick
gach,"Scab, ringworm"
gach nung,brick
gah,side
gah,direction
gah 'băk,north
gah 'ma,right
gah 'năr lĕch,east
gah 'năr mư̆t,west
gah agah,outside
gah agah,beside
gah agah,except
gah ala,under
gah nam,man
gah nam,south
gal,jealous
gam,Dark blue
gan,absolutely
gan,completely
gap,Tighten
gau,"Others, strangers"
ge sơdrô,wedge
ge sơdrô,jug
get,Small bottle
ghi yok,acknowledged
"gia, gia gia","little,"
giaih,lightning
giao lưu,exchange
giay,shoes
giaĭ,harm
giaĭ,harmful
gioh,more
gioh,outside
gion,crispy
"gir, gier",Tree
git,"esteem, prize"
"giâm, iâm",Diminish
giây,second
giêh,tired
giêh glang,tired
giô̆ giă,concave
giăc,enemy
giư̆ch truh,rush
glaih,Lightning
glang,silver
gle,hook
gleh,"Tired, exhausted"
gleng,"keep silent, be silent, shut up"
gling gling,dim
gling gling mắt,sleepy
gloh,sprained foot
gloh bơl gloh kơniêh,foot-and-mouth disease
glok,drown
glom,throw
glung,"Path, road"
glôk,strut
glơi,swim
go,mound
go teh,mound
goang,"Circle,"
goduh mat,Eyebrows.
goh,bright red
gohngier,"sleep, nap, fall asleep"
gok,cicada
golung golang,In abundance
"golôm, gôlâm",competitive
gomring,"support, trust, rely"
gonal,"Recognize, know"
gonam,"Enemy, hostile"
gonõom,trunk
gor,Hill
got,"restrain, stop, contain, repress"
"got, got dodon",reflect
goxai,shoulder.
goxep,Pinch
goxin,Cooking.
goxok,"Troubled, muddled, confused"
goxong,shrimp
goxong,hoarse
goxop,package
goxor,"porcupine, hedgehog"
"grach, grai",Cricket
grao,Sparse
gre,Skinny 
groi,hill
groi,Hill.
groi kông,plateau
gron,confine
gru,artisan
grâm,Thunder
grê,vehicle
grêh grêh,squeak
grôl,clumsy
grông,large
grông,big
grông,"Intractable, recalcitrant"
grôp,embrace
gră,"Much, abundantly, too much"
grăng,healthy
grăt-grắt,Withered
grĕng nĕng,jingle
grŭn,fever
grưm,thunder
grưng grê̆,stumbling
gug,"Slow, lazy, clumsy"
guk,pile up
gut,Bend
"guôt, toguôt","Bind, tie"
gâl,"Suitable, proportionate, enough"
gâp,sufficient.
"gâp, gau","Other, stranger"
gây,"Strong, durable"
gén,crush
gér,Grain
gô,wait
gô,Wait
gô adrol,ambush
gô lui,clever
gô lui,obedient
gô rắp,receive
gô rắp tơmoi,receive
gô đêch,ready
gôgek,Tickle
gôgu,Shake
gôgôl,"Above all, first of all"
gôgồ,tap lightly
gôh,red
gôh arônh,red
"gôhô, gôhu",Gourmand
gôl,"Small vase, flask, glass, bottle."
"gôleng, gôlieng","Lean, incline, lean against, lean on"
gôneng,Urinal
gôni,"Motionless, quiet, modest, stay still"
gônieng,pig tusks
gônôr,main character
gôxang,Rusty
gôxeh,sneeze
gôxé,unripe
gôxéng,rope
găm,black
găm lơmek,smooth
găm sơnguat,pitch-black
gĕh,finished
gĕh,exhausted
gĕl,seed
gĕl,position
gĕl,child
gĕl,fruit
gĕl,grain
gĕl,thing
gĕl,item
gĕl,animal
gĕl măt 'bak,sclera
gĭt găi,special
gŏ,float
gŏ ơ̆m,warm
gŏ ơ̆m,kettle
gŏp,earring
gŭ,pot
gơ,harvest
gơdah,stone
gơdah,step
gơdai,crown
gơdai 'long,prune
gơdiệp,trumpet
gơdron,coop
gơdron kơpô,stable
gơdron yĕr,coop
gơdung,bag
gơdăp,oblique
gơdăp,trample
gơdĭm,garlic
gơdơl,clog
gơdơ̆u hli,hide
gơgŏ,knock
gơgŏ 'măng,knock
gơh,know
gơh bắt,understand
gơh hơgĕi,skilled
gơi,send
gơk,hump
gơk,bulge
gơl,handle
gơl kuôk,hoe
gơl săng,knife
gơl săng,handle
gơlaĭ,dangerous
gơli,sloped
gơning,lean
gơnŭk,pile
gơnŭk 'long ŭnh,pile
gơnơm,rely
gơ̆,break
gơ̆n,hinder
ha,agape
ha 'bơ̆l,gaping
"habech, hôbech","expeditious, fast, nimble"
habey,Mustard
habo,corn
"habâu, xobâu","sores, wounds."
hach,disintegrated
hach,"melt, liquefy"
hach hŏch,destroyed
hachâm,"Fragile, brittle"
"hachăng, rôchâng","gift, insightful"
"hadech, hadek","Quickly, promptly."
hadoi,Similarly
hadrek,seed
"hadro, hôdro, xôdro",cicada
hadrăâp,reiterate
"hajak, ha-iak, hiak","Step, take steps, walk, set off, leave"
"hajoch, ha-iôch",Light
"hajol, ha-iol","Hidden, eclipsed"
hajuih,Wet
hajâm,forge
hak,"Split, tear"
hake,Wild boar
hakë,Skinny
hala,"Path, side road."
halah,carve
halang,"Jars, dishes, bottles"
halat,Overflow
halenh,"Cunning, deceitful"
halâm,crumble
halâng,"Look, consider, examine"
halông,Throat
hamah-hamâu,"haste, suddenly"
hamai,Rhinoceros
hamang,Together
hamang ko,While
hamet,Bat
hamon,unsatisfied
hamâu,On time
hamôl,Clouds
hamăng,Again
han,sharp
han dêh,pointed
hangâp,collapse
hanhaih,"Dismiss, move away"
hanhang,blame
hanhoh,Repeat 
hanhâm,despise
hanâm,Year
hao,climb 
hapong,Visit
hapuh,Exorcise
harat,"Exhausted, tired, tiring, laborious, painful"
hară,"Separately, personal, own"
hatal,Overlay
hatat,breaking
hau,ride
hau,climb
hau 'long,climb
hau aseh,ride
haue,"get lost, misunderstand, mistake"
haueng,"Crazy, insane"
hađĕn,tiptoe
hađĕn,tip
HCM,Ho Chi Minh
he,huh
"hech, hek","Crushed, powdered, broken"
hek,tear
hel,"In vain, uselessly"
hem,Conjecture
heng-hong,"depraved, dissolute"
hep,smoke
hep thuôk,smoke
"hep, hip",smell
here,Rattan
hiah,torn
hiah,"Torn, dilapidated"
hiah hiông,torn
hiah hiưng,torn
hiah hŏch,torn
hiak,"Step, take steps, walk, leave, set out."
hiar,"Deploy, extend, unfold, develop"
hil,angry
hil areh,angry
hil areh,hate
hin,"Poor, destitute"
hio,distract 
hiok,"embarrassed,"
hiong,lost
hiong 'bơt,wasted
hiong bơngol,terrified
hiot,"Pull, drag, haul"
hiot,forget
hiou,"Conjecture, think that, estimate that"
hip,"Smell,"
hiâ,"And, or, or else"
"hiâk, hiok","Embarrassed, in pain, in worry."
hiê hiê,giggle
hiên,cough
hiôk,"Convenient, easy, pleasant "
hiông,lost 
hiăng,"Alert, awake, active, lively"
hla,leaf
hla,Leaf
hla 'long,leaf
hla 'nhem,vegetable
hla bơ-al,paper
hla bơ-ar,document
hla chơ'bĕi,pickle
hla grê,water spinach
hla hrum,vegetable
hla ja,rush
hla kơ,flag
hla muô̆ng,water spinach
hla nhêm,vegetable
hla piêt,tongue
hla piêt 'yĕr,tongue
hlak,piece
hlak,sheet
hlak,a
hlak,"Embarrassed, confused, impeded"
hlak ake,horn
hlak hla bơ-al,paper
hlak săng,knife
hlang,bees
hleh,pluck
hlih,landslide
hling,pour
hling,"Melt, liquefy, pour"
hling 'bơt,strain
hling 'bơt đak,strain
hling tra,make
hling đak,pour
"hloi, hlồng ","Continue, incontinent"
hlop,"Secret, ignored, covered"
hlou,Pointing
hlu,Rehashing
hlung atău,grave
hlung đak,stream
hlup,sink
hluôi,past
hluôi,too
hluôi,out
hluôi băt,clear
hlâm,Seriously
hlôh,understand
hlôh,"Pierced, opening, passage"
hlôh hlăk,grow
hlôl,rough
hlôl hlal,rough
hlôl hlal,bulky
hlôm,Blow
hlõt,"debit, sell"
hlăng,"Pure, limpid, clear"
hlău,easy
hlău hlik,easy
hlŏ,distant
hlŏ hlang,distant
hlŏ hlŏ to,glimpse
hlơp,flooded
hmach,"Greet, compliment"
hmar,"fish trap, weir"
hmen,"Peace, tranquility"
hming,repair
hming,cure
hming jĭ,treat
hmiêt,store
hmiêt,remove
hmo,Prepare
hmoi,"lament, moan"
hmuôch,ant
hmã,Accustomed
"hmé, hmï","Silence, be silent"
hmôn,bedridden
hmăn,happy
hmăng,protect
hmăng,favor
hmăng,request
hmăng,tell
hmăng,wrong
hmăng,unlucky
"hmăng, hmăng hmăng",long for
hmĕt,stamp
hmĕt,press
hnam,house
hnam,"Home, family"
hnam bơgang,hospital
hnam kron,prison
hnam măy,plant
hnam san,stilt house
hnam teh,real estate
hnam tĕch bơgang,pharmacy
hnam uĕi,housing
hnam wal,longhouse
hngach,Continuous rain
hngem,"Wet, soaked "
"hngier, hôngier","Doze off, nap, take nap"
hngiêl tep,sleep
hngor,Snore
hngâm,heavy 
hnhuk,invite
hnhâm,accuse
hnhâp,"Forgetful, forget"
hnhăi,look
hnhăi minh pah măt,glance
hnhăi pơdưng mĕt,glare
hnhăi thuôi,gaze
hnhĕi,see
hnhĕi,look
hnhĕi,watch
hnhŭk,invite
hning hla 'long,shaded
hniê̆,crowd
hniê̆,encroach
hniê̆,shove
hniê̆,push
hniô,"Push towards, push against"
hnoch,sharpen
hnong,"Mold, shape, model"
hnuh,husk
hnuk hnua,peace
hnũi,Reluctantly
hoah,Chipped
hoai,Redeem
hoai,no harm
hoai,Avoid
hoan,"muscular, strong, sturdy"
hobc,"Palpate,"
hoch,impressed.
hodru,"hut, tent"
hodrông,"Bark, yap"
hodrông,Wild tribe
hoiung,"Standing. , stay upright"
hok,study
hok,freshness
hok sinh,student
hokom,"Group, grouped"
"hol, hôl",Blunt
holu,Repeating
homul,forge 
homôl,Log
hon,sprout
hon,grow
hon sơnĕnh,teething
hong,"Split, chipped"
honguang,Explore
honok,"Suffocation, engorgement"
honong kg,Comparatively
hop,meeting
hop,Wrap
hor,drag
"horech, horek","Cut, slice"
horel,shave 
horong,moan
horï,"relentlessly, stubborn"
horôn,"strength, strong"
horông,Behind the back
horŭ,"loss, misfortune"
hotu,"Deep pit, chasm"
hotuch,"last, finally"
hoâng,Help
hoăân,"Quarrelsome, angry"
hral,awake
hrap tơnat,suffering
hrap tơnat,extreme
hrap tơnat,misery
hre,Hre
hriêng,hundred
hrul,empty
hrul hnam,absent
hruôch,flat
hu,silver
hu,money
huch,sup
huch,Smell
hue,looking back
hui,thin
hui hui,sparse
hum,bathe
hum,"bath, bathe, shower"
huong-huoch,"Vaguely, confusedly"
hut,kiss
hut,smell
hut,inhale
hut,suck
hut,"Wicked, fool"
hut mơ̆u,sniff
huy,"Rare, rarely, sparse"
huyên,district
huê,glance
huê,back
huên,district
huôi,worm
huôi,earthworm
huôt,breathe
huôt sơhngơ̆m,breath
huăng,fall
huăt,quince
huăt,suddenly
huăt ka,fishing
hyot,pull
hyot kơtĕch,pluck
hyot kơtĕch,extract
hyôk,happy
hyôk,joyful
hyôk,smooth
hyôk hiăn,joyful
hyôk hiăn,cheerful
hyôk pơtơnh,humorous
hyơt,forget
hàng,"Burning, biting, spicy"
hâabât,Whisk.
hâk,vomit
hâmâr,Resound
hânang,"In time, during, while"
hâng-hông,naked
hât,Narrow
hâtang,"Right, proper"
hâu,"disgusted, bored"
hôbech,"Quickly, promptly, nimbly"
hôbuh,"Torrent,"
hôbut,"Whirlwind, storm, typhoon."
hôbông,Wrecks
hôchăng,Alert
hôdroh,diarrhea
"hôdrúk, xodrŭk",Jump down
"hôdé, kolôk",Bamboo
hôdũ,Loose
hôgôr,drum
hôi,carelessness
hôium,"Collect, pick up"
"hôjuh, hôiuh","Vapor, exhalation"
hôjuih,"Wet, soaked"
hôkôp,Joined together
hôkõm,Torticollis
hôl,"Wanderer, stroller"
hôlih,"Change, exchange"
hôlih,Landslide
hôlim,"Typhoon, storm with heavy rain."
"hôling, ôrih ","Longevity, living long years."
hôlung,"Pit, abyss, chasm"
hôluon,sip
hôlée,joke.
hôlém,"Console, soften, calm"
"hômet, hamet",Bat
"hômu, rômu",Vine
hônel,"Whole, intact"
hông,"Exaggerate, lie ostentatiously, charlatan, boast"
hôngleh,decrease
hôngẻm,moist
hônhek,make way
hôni,"After, behind"
hônong,"Share, portion"
hônuh,Rice husk
hônõt,rub 
hônăng,while
hônăng,Equals
hôpech,scrubbing
hôrek,cough
hôreng,"Quickly, promptly"
hôrep hôrep,precision
hôrik,Sniff
hôroh,"Defeated, emaciated"
hôru-harang,"fornication, incest"
hôrul,Absent
hôrôch,Worthless 
hôrõm,Slender
hôrŭk,"Robust, strong"
hôt,Tobacco
hôta,Bowstring.
hôâk,Mango
hôŭnh,wrinkle
hôơia,"Accomplished, perfect"
hăgắt,cubit
hăk,vomit
hăl,helpful
hăm đunh,how long
"hămắt, rônăk",weapons
hăn như,where
hăp,begin
hăp,it
hăp,he
hătăng,Thin
hĕi,or
hĭnh,image
hĭnh chih,painting
hŏnh,wilt
hŏnh atrep,collapse
hŏnh hep,shrink
hŭk,"Quick tempered, easily irritated"
hơ,it
hơ 'yoh,child
hơ'bo,corn
hơ'bu,bud
hơ'bu 'lơ̆p,bud
hơ'măk,hang
hơbo,corn
hơbŭt,storm
hơbơ̆u,thousand
hơdriêng che,tea
hơdĭng,together
hơdĭng năm,go
hơdơi,even
hơdơi,also
hơdơi hơdơi wă,harmonious
hơgăi,skillful
hơh hah,giggle
hơkuk,snot
hơleh,finish
hơlih,sink
hơlih teh,landslide
hơlĕch,smooth
hơlŏ̆ng,throat
hơlơ̆m,collapse
hơlơ̆m teh,landslide
hơmôl,dense
hơmŏng 'long,fortune
hơmŏng 'long,foliage
hơmơng,worm
hơmưl,cloud
hơnhuh,wet
hơnhău,shake
hơnhău,jolt
hơniê̆,poisonous
hơnong,straw
hơnong 'ba,rice seedling
hơnung hơnăng,noisy
hơnăt,hasty
hơnăt hơnăt,hurried
hơđuh,twitch
hơđuh,struggle
hơđŏ̆ng atău,funeral
hưch,happy
hưch driêu,cheer
hưch hanh,joyful
hồn,Empty
hớp,Take breath
iak,Invite
iang,"Spirit, divinity"
ich,shit
ie,Little
ih,you
il,Suede
in,"Curve, bend, bend, flex"
in (bơ̆l),similar
in (bơ̆l),identical
in đŭnh,original
inh,I
inh,"me, mine, my, my own"
iol,Hunt
iom,"Yes, true"
iom,condescend
iong,"Mother, female"
"ip, iŭp","Shade, shaded"
ir,"chickens, hens, roosters, chicks"
it,hit
it dih bơl,fight
it kô,"Colliding, touching"
iu,"fear, apprehend"
iâp,"Strong, securely, carefully"
iâp,"List, count"
iâyh,"Undo, demolish "
iép,stealth
"iét, jet","word ngao. Draw. dak, draw water."
iéếm,"You, your"
iêl,clean
iër,"shiver, shudder"
iôk,"Take, receive, accept"
iôr,Sickly
iùũă,Mow
iă,"Simply, only"
iăng,"Aunt, sister"
"iŭ, jô","Acid, sour, vinegar"
iŭk-ïak,pretend
iŭng,"Getting up, standing up"
j6,sour
ja,sedge
jah,good
jah,or
jak,basket
jal,life
jam,"Plate, dish"
jang,occupied
jang,busy
jar,net
je,Close
jel,No
jel,"Polished, smooth"
jet,"ask, claim debt"
jich,epidemic
jih,edge
jih,"Edge, end, margin, edge, limit, confines"
jih bơgal,fence
jil,carry
jil,muntjac
jing,transform
jing,become
jing,"become, grow"
jir,overripe
jit,Carve
jiây,win
jiêt,peel
jiêt kơđoh,peel
jjn,banyan
jjo inh,self
jla,thorn
jo,optional
jo,Crippled
jo,Jar
jodrang,Belt
joh,song
joh,sing
joh,"peck, prick"
johah,Gaping
jong,red
jong,Foot
joni,mourning
jonit,Scraping
jor,"Miss, missed"
"jorip, jôrep","Inhale, sucking"
joruh,"Less, lower, lesser"
jorŭ,Deep
jroh,steep
jruh,wither
jruh,ruined
jruh,fall
jrăng,pillar
jrăng tơm,post
jrŭ,depression
jrŭ,chasm
jrŭ,abyss
jrŭ tuôih,concave
jrơi,stubborn
jrơi,insolent
jrơ̆u,mix
jrơ̆u,mixed
jrưm,needle
"juah, di ",Everything
jue,"True, just, exact, upright, faithful, sincere"
juer,"detour, avoid"
juey,deer
juh,"Double, fold"
jul,down
"jul, jonul",Cluster
jung kung,field
jur,Descend
"juà, jug","profit, gain"
juô,Tread
juô jot,sad
juôi,deer
juô̆,stamp
juô̆,oblique
juă,"trample on, step on"
juăt,familiar
juơ̆t,skillful
"jâl semer à la volée, le bras levé","Victory, superiority, winning, conquering"
jâp,Everywhere
jérot,Rub
jéruh,Fall
jérâm,"Meet, find, possess"
jên,money
jê̆,near
jê̆,coastal
"jôbu, chôbu","fist, punch"
jôi,"In the beginning, at the origin, during"
jôk,"Strong in health, well constituted, full of life."
"jôk, gam ",Blue
jômai,Beads
jômang,Brown
jônai,"Victory, conquer, prevail"
jônap,Happy
jông-mrom,quiver
"jôrao, jorau",poison
"jôreng, joring",Wax
jôro,Stretched out
jôrum,Needle
"jôrõu, joru",mix
jôrăng,Column
jôrề,"ignore, despise"
jă,price
jăk,"go away, flee, disappear"
jăl arih,life
jăng,healthy
jăng pran,healthy
jăp 'bơ̆l,bunch
jăp 'bơ̆l,summary
jĕl,class
jĭ,pain
jĭ,disease
jĭ,sick
jĭ,illness
jĭt,ten
jĭt vŭ,services
jĭêng,well
jĭÊng đak,well
jũt,"Tough, tenacious"
jŭ,Black
jŭng,Zigzag
"jŭnuk, hônuk",Rich
jŭp,"Join, unite"
jơ,hour
jơ pă,only
jơdrap,shovel
jơdrap,hoe
jơdruih,broom
jơdrông,worm
jơdră,mat
jơdră,shine
jơdrơ̆u,net
jơgơ̆l,drum
jơh,already
jơh,has
jơh sa,eaten
jơliêng,insect
jơliêng,lizard
jơma,porcupine
jơmang 'yĕr,comb
jơmuk,angry
jơmuk,descend
jơmul,harvest
jơmul 'ba,harvest
jơnang,session
jơnang 'noh,then
jơnang 'noh hĕi,ago
jơnang adrol sơ̆,before
jơnang kơ'măng,evening
jơnang kơsơ̆,afternoon
jơnang pơgê,morning
jơnang pơtơm,initially
jơne tih,victory
jơnŭm,together
jơnŭm jơnăm,together
jơro,raise
jơro ti,raise
jơrông,insect
jơrông khoang,cavity
jơră,push
jơ̆n tŭk,ethnic
jơ̆p,throughout
jơ̆p,everywhere
jơ̆p jang,everywhere
jơ̆u,oil
jơ̆u,lubricant
jơ̆u thưc vât,vegetable oil
jư,protect
jư,hold
jư,surplus
jưng,leg
jưng kông,foothill
jưng plĕnh,horizon
jương,bed
jầng,Palisade 
ka,fish
ka,meat
ka chep,carp
ka chep gion,crispy carp
ka tơploh,leap
ka tơploh,splash
kach mang,revolution
"kach, kai",scratch
kaih,Difficult
kal,"firm, unshakeable"
kam ơn,thanks
"kan hâp, kan xo","They, them, them, their"
kang,chin
kang,jaw
kang kưt,hut
kao,Cut
"kapô, kôpô",buffalo
keep,centipede
keh,done
keh,goat
keh,"Completed, finished"
keh kong,perfect
ken,small
ken kŏch,tiny
ken đĕch,small
keo,glue
kep,press
kep,clamp
ket,scratch
ket,disconnect
kha,"oppose, prevent"
"khach, khai",Fishy
khaih,hoot
khal,"Shortage, lack"
kham,examine
khan,say
khan,speak
khan,"Say, call, name"
khan,"handkerchief, napkin"
khe-kho,Annoying
khel,shield
khey,Moon
kheŭ,skillful
kheŭ kheŭ,careful
khial,Wind
khin,"Courageous, daring"
kho,"Dry, arid"
khoang,cavity
khong,"blaze, ignitable, flammable, combustible"
khu,"Conjecture, think, presume"
khul,"Strip, group"
khung,sour
khâm,Threaten
khô kua,bittermelon
khôi,"Oppose, obstruct, prohibit"
khôl,Gray
khôm,hunchback
"khôm, bou ",Urine smell
khôn,gentle
khôn kheŭ,gentle
"không, gôneng ",Urinal
khôp,"Rather, prefer"
khôp,apologies
khôr,Scrape
khôy,burnt
khăi tơngiêt,winter
khăng,hard
khăng,Dry
khĕ,slow
khĕ,weak
khĕ dêh,slow
khĕ khă,sluggish
khĕ khĕ,weak
khĕi,moon
khĕi,month
khĕi,season
khĕi 'bal,February
khĕi 'nơ̆u,this month
khĕi adrol,lastmonth
khĕi dơdrơ̆u,June
khĕi minh,January
khĕi minh jĭt,October
khĕi minh jĭt 'bal,December
khĕi minh jĭt minh,November
khĕi pha,crescent
khĕi puôn,April
khĕi pêng,March
khĕi pơnil,full moon
khĕi pơđăm,May
khĕi sin,September
khĕi tơhngam,August
khĕi tơpơh,July
khĕi đưng rŏng,nextmonth
khĭ,calm
khĭ kial,calm
khŏ kơpơm,obstacle
khŭl,cultivate
khŭm khŭm,"Quiet, calm, peaceful"
"khŭt, bôlông ",imbecile
khơĭ nghia,rebellion
khắm,mortise
"khắt, khet","Stop, block"
"ki, txo ",formerly
kial,wind
kial thuôi,blow
kial đĭ,calm
kiel,pain
"kier, kĩr","Tight, dense."
kih,go
kih,drink
kit,"Frog, toad"
kiâ,contraction of kiki . What Why Hul why get angry
kiêl klŏng,abyss
kiêl krong,riverbed
kiêng,necklace
kiê̆,blanket
kiê̆ kơpô,herding
kiơ,what
kjung,increase
kla,pay
kla,Tiger
kla jên,pay
klaih,escape
klaih,from
klaih jĭ,recover
klaih ko,after
klak,stomach
klak,intestine
"klak, klok",Stuffing
klang,dig
klang kok,crane
klang pơsum,hawk
klang-an,Kite
klang-puh,handkerchief
klao,Testicles
kle,"seize, rob"
"klech, klek",Penetrate
kleng kleng,peep
kleng năm kleng sưt,sway
klep,patch up
kli,"Too much, in excess"
klieng,Forehead
klik,noisy
klik,Deaf
klik klang,noisy
klit,Deformed
klom,Liver
klong,Cotton plant
klong,Wild ginger
klui,late
klum,Inclusively
klung,Lowland
klup,Cover
kléng,Cross out
klôk,Navel
klăm,night
klăm kleng,dark
klăm klu,dark
klăn,python
"klăn, bih ",boa
klĭ,smooth
klĭ,soft
klŏk,flock
klŭ,pour
klŭ đak,pour
klŭt,impose
klŭt,slip away
klơi,swim
klơm,liver
klơ̆k,cup
klơ̆k et đak,cup
ko,Dog
ko,white
ko,"at, for, because, because, towards, against, in, during"
ko,"ashamed, blush, awe."
koch,"Remove, scrape"
kochop,Shoes
"kodap, kgdgp","hidden, masked"
kodet,Certainly not
kodo,"ashamed, blush"
kodoh,"Bark, epidermis"
kodop,"hidden, masked, under cover"
kodra,"Old, elder, the master, the ancestors"
kodru,Poison
kodrum,"Enclosure, enclosed"
kodrât,shiver
kodrôt,Wild bees
kodung,"Purse, bag"
"kodâk, kôdok",obstructed
"kodât, kodot","Arrested, prevented"
"kodâu, kodŭ","Run, flee"
kodém,"Onion, garlic."
kodông,Traps
kodôŭng,plate
koh,chop
koh,"Saber, cut"
koi,shadow
koi,Carry
koi 'long,shade
koih,Scrape
kojon,"Numb, tired"
kojxp,"Solid, durable, firm"
kok,white
kok,"White, pale"
kokoch,"ticklish, startling"
kokoi,sleepy
kokor,"worried, anxious"
kokôt,Pimple
kolang,White grey
kolong hong,"Impudent, shameless, wanton"
kom,"Pick up, pile up"
komang,"At night, during the night."
"komang, kômong","tender, soft, flabby"
komap,stunted
komat,"Gall, bile."
komlat,Lightning
komlo,Stutterer
komo-rôloh,"Imperfect, incomplete"
komol,pigeon
komôn,rice
kon,child
kon,Village
kon,"Conjecture, augur, presume"
kon jjơlang,eldest
kon kông,minority
kon kơdiŏng,daughter
kon kơdruch,youngestchild
kon kơmăn,daughterinlaw
kon mon,descendants
kon tring,people
kon tơhnglo,son
kon uch,youngestchild
konap,shelter
kong,ring
kong,circle
kong,bracelet
kong,Brass
kong,Flange
kong,"hold back, confiscate, retain"
kong glang,ring
kong hu,ring
konglang,Grey
konhoi,"follow, originate, progeny"
koniet,"Butcher, stuff"
"koniâh, konioh",nails
konol,Heel
konon,Pillow
kop,turtle
kop,Tortoise
kop,"Slow, lazy, nonchalant"
kopal,top
kopang ti,palm
kopung,melon
kopô,Buffalo
"kot, kât","Bind, fasten, garrote"
kota,"On site, in the same place, at the same time"
kotah,surprise interjection 
kotam,Crayfish
kotao,Sugar cane
koteh,"Footsteps, sound"
kothong,Pan
kotieng,"Shore, edge"
kotong,hanging
kotum,"Assortment, collection, assembly"
kotuol,"Platoon, platoon"
kotuol,"Block, clod"
koxop,Package
koxâm,Fragrant herb 
"koât ko, kế àt ko","unmissable, inevitable"
kra,"Old, rich, influential"
krai,Squirrel
kral,solidify
kram,bamboo
kram,Bamboo
kram yai,bamboo
krang,Steep
krao,"Call, order, name, estimate"
krap,"stick, adhere"
krau,call
krau awah,shout
kre,"go away, slip away"
kre,Weak
krel,"buttocks, anus"
kren,"Cancer, chancre"
kreo,Castrate
kril,Shell
kring-ning,Bells
kro,Dry
"kroh, kruh",pile up
"krol, kruol",Roll
kron,imprison
krong,river
krong 'Bung,river
krung tơpanh,clan
krung-kôtum,"Parents, kinship"
kruôĭ 'bŏng,pomelo
kruôĭ 'ngam,orange
kruôĭ 'ngam,mandarin
kruôĭ chanh,lemon
krâp,ambush
krây,Different
krét,"Chick, miser"
krê,plane
krôi,Orange
krôn,caged
krôp,cuddle
krõ le pied đun vase,dram
krõôm,Embracing
kră,old
kră pơlĕi,chief
kră sơ̆,ancestor
kră sơ̆,fairytales
kră ŭnh hnam,owner
kră ŭnh hnam,host
krăi,different
krăi,strange
krăi krăi,weird
krăi krăi,unusual
krĕnh,crisp
krŭ,rhinoceros
krŭ krŭ,Too much
ksê,green
ksô,number
kua,through
kua,pass
kuan,"Chief, mandarin"
kuaĭ,boring
kuaĭ,pierce
kuaĭ 'long,carve
kue,lame
kue,disabled
kue,Weak
kueng kueng,loudly
kumi,cassava
kumi,noodle
kung,bridge
kung,also
kung,ladder
kung,"Epilepsy, epileptic"
kung tơlĕi,suspension bridge
kunh,bend
kuol,"Bark, sniff"
"kuot, guớt, gõt",imprint
kup kơ̆l,bow
"kur, habo",corn
kutăng,knee
kuy,lie down
kuê̆,cinnamon
kuôk,hoe
kuôl,bark
kuôl,hug
kuôt đon,understand
kuă,not
kuă năm,don't
kuăn,grasp
kuăng,quick
kuăng,fast
kuăng kuăng,agile
kuăng rĕnh,quickly
kuĕnh,gibbon
kuơ̆n,pants
ky,meticulous
kyê tŭk sa,dormitory
kât,"Cut, slice"
két,"Strangle, suffocate"
kêch,strip
kêch 'ba,harvest
kêt nap,recruit
kôbai,scratch
kôch,scratch
kôch,wow
kôchit,selfish
kôchit,perish
kôchuã,"inconstant, changing"
kôchôt,fold
kôdeh,Short
kôdeh,Flicking
kôdot,"Prevented, arrested"
kôdrang,man
kôdreh,frighten
kôdri,"Woman, wife"
kôdril,Rush
kôdroi,Immediately
kôdrăp,"Doubled, repeated"
kôdăn,"Interval, distance"
kôjal,Compact
"kôjoh, kôioh","More, much more"
kôkã,Chew
kôkãl,persist
kôl,Head
kôleng,"Look, consider, examine"
kôlih,because
kôlâm,Brass
kôläp,White ants
kôlă,Until now
kômar,Twin
kômlung,during
"kômléng, kômlénh","Indomitable, furious"
kômong,"soft, flabby"
kômuh,Foam
kômuol,"smell, sniff"
kômôren,numb
kômõ,"dirty, filthy"
kônal,Recognize
kônam,under
kônam,Enemy
kônao,Degree
kônar,"By day, during the day"
kône,bad
kône,"mouse, rat"
kông,mountain
kông,"Forearm, wrist"
kông,"Mountain, shore"
kông nghiêp,industrial
kông nhân,worker
kônglep,"canvas, fabric"
kônglôp,lid
kônh,Taciturn
kônhal,dazzled
kônheng,"To work with unwavering application and perseverance, to be constant, firm, tenacious, obstinate, opinionated."
kônhil,Stubborn
kônhip,"Close, join"
kônho,Needle
kônhùi,"High, tall, long"
kônol,Groin pain
kônom,trunk
kônong,"wood pillar, bamboo pillar"
kônop,"pair, couple"
kônâm,Cover
kônât,piece
kônã,"Oppose, defend, prohibit, obstruct"
"kônï, kôné","Ugly, naughty, bad, mean"
kônăr,In hurry
kônĩng,"constipated, constipation."
kôpaih,Cotton
kôpen,"Belt, langouti"
kôplah,"Come in, in the meantime"
kôrék,"Mow, cut, slice"
kôrôl,Variegated
kôtah,Jump down.
"kôteh, kôpen ",Langouti 
kôthôm,Burst in
kôtiel,"Compact slippery, smooth"
kôtier,"Termites, white ants"
kôtoet,Worn
kôtoh,"Drip, drop"
kôtoh,Chest
kôtoih,stumble
kôtol,suspend
"kôtol, kôtùôl","Block, ball, clod"
kôtong,"hear, listen"
"kôtonh, hla ",Ferns
kôtot,Wart
kôtul,clumsy
kôték,"break, finished, gone"
kôtô,bamboo scraper
kôtôp,"Dove, pigeon."
kôtŭng,Deer
kôtắp,Egg
kôxô,"In the evening, towards the evening, towards the sunset"
"kôômét, mét",passionate
kôŭl,"Knot, tie"
kúp,"pray, worship"
kă,"in the morning, by day, during the day"
kăi,plow
kăi bal,plow
kăl,Important
kăn,they
kăn hăp,them
kăng,"Boundaries, limits"
kăng,Copper pot
kăp,bite
kăp,press
kăp 'biê̆ biê̆,nibble
kăp mơ̆m,pout
kăt,cut
kăt,harvest
kăt 'ba,harvest
"kăxk, kiek",corpse
kĕng,stringed instrument
kĭch thươ̆k,size
kŏ,dog
kŏ jong,matchmaker
kŏ jong,engagement
kŏ kuôl,barking
kŏ kơmuôl,hound
kŏ nưih,fierce dog
kŭ,"indifferent, indiscriminately"
kŭ sum,warehouse
kŭak,"extract, withdraw"
kŭang,brave
kŭer,scraping
kŭm,cluster
kơ,flag
kơ sơ,facility
kơ'nhip,aim
kơ'nhip,blink
kơ'nhip măt,close
kơ'nhĕt,cover
kơ'nhĕt,pull
kơ'nhĕt,stuff
kơ'năr,daytime
kơ'năr dưng,noon
kơ-ep,centipede
kơchai,game
kơchai hnam,homegame
kơchang,time
kơchik,pineapple
kơchiê̆,tight
kơchiê̆,narrow
kơchuôĭ,eject
kơchôp,hoof
kơchôp aseh,horseshoe
kơchŏ,corner
kơchŏ,nook
kơdah,stamp
kơdih,different
kơdiŏng,woman
kơdiŏng,girl
kơdiŏng,wife
kơdoh 'long,bark
kơdrô̆,jump
kơdrô̆,dance
kơdrăt,startle
kơdrơ,face
kơdrưng tih grông kơjung,tree
kơdung,laden
kơdăp,trample
kơdŭ,back
kơdŭ,laden
kơdŭ khôm,hunchback
kơdơ̆,chair
kơdơ̆u,run
kơdơ̆u hli,flee
kơhning,hidden
kơhĭnh,photo
kơjon,crouched
kơjung,tall
kơjung,increase
kơjăp,firm
kơkuh,ironwood
kơkuh hưch hanh,welcome
kơkŏch,sticky
kơkŏch,sad
kơlenh,smooth
kơlih,greedy
kơlih sa,gluttonous
kơlot,chafed
kơlot,scratched
kơlŏk,zither
kơlŭt,section
kơlŭt 'long,wood
kơmlat,lightning
kơmuh đak,foam
kơna,should
kơna,therefore
kơna,so
kơne,mouse
kơnh 'biê̆,afterwards
kơniêh,stroke
kơniêh,claw
kơnït,butt
kơnït,bottom
kơnă,expensive
kơnă,precious
kơpaih,flower
kơpal,peak
kơpal kông,peak
kơpen,loincloth
kơpul,group
kơpul bơngai,group
kơpung,bat
kơpô,buffalo
kơpăng wang wơch,echo
kơpưng,on
kơpưng 'ban,on
kơrăi,separate
kơsaĭ,fall
kơsaĭ đak,spill
kơsep,pluck
kơsu mrơng,hoarse
kơsĕ,green
kơsŏ,corner
kơsŏ,nook
kơsơĭ,glide
kơsơ̆,afternoon
kơsơ̆ hyưm hyưm,late afternoon
kơtam,crab
kơtau,sugarcane
kơtau,peel
kơtech,broken
kơtech,short
kơtech ti,injured
kơtech ti,amputated
kơthơ,letter
kơting,bone
kơtiêng,porch
kơtiêng,summer
kơtiêng hnam,porch
kơtiêng hnam,summerhouse
kơtoh,drop
kơtoh đak,drop
kơtot,fuss
kơtuah,scold
kơtum,group
kơtum kơtŏng,they
kơtum kơtŏng,relatives
kơtêch,broken
kơtă,at
kơtă,sap
kơtăng,knee
kơtăp,egg
kơtĕi,shrimp
kơtơh,chest
kơtơp,dove
kơtơ̆ng,hear
kơwơng,peacock
kơyuô,because
kơđeh,short
kơđoh,peel
kơđoh,shell
kơđôp,bunch
kơđôp hla 'nhem,greens
kơ̆i sô̆,km
kơ̆l,head
kư,just
kưt drŏk,toad
kưt keng,frog
la,is
la,Time
la ô,"Boast, publish"
lach,scold
lach,blame
lach,scolding
lah,usual
lah,regular
lai xuâ̆t,interest
lak,Peel
lak-lai,Innumerable
lang,"Look, consider"
lang,"Extend, develop, expose, explain, reveal, open, loosen, deliver"
lang tang,vast
lanhư,ever
lanhư,when
lao,slave
lao,"bored, disgusted, depressed, sad"
lap,sick
lap,disgusted
lap,cloying
lar,blossom
lar,flat
lat,flat
layơ,ever
layơ,when
le,"Leave, put down, abandon"
le publier,proclaim
leh,"Pick up, detach"
leh,be defeated
lele,know
"len, ngam ",Bland
leng gong,dawn
li,"steal away, to slip away"
"li-lồn, li-lon",flood
"lia, kia",Ginger
lich sư,history
lich sư,polite
lin,Gums
ling,forever
ling lang,forever
linh,soldier
lioh,Lick
lip,Small insect
lir,"constantly, continuously"
lit,"alarmed, anxious"
liêh,lick
liêm,beautiful
liêm,pretty
liêm,good
liêm loi,prettier
liêm tơpă,gorgeous
liêm tơpă,very beautiful
"liêm, long","Good, beautiful"
liên hoan,festival
lo,many
loai,types
loai,kinds
lobat,"Flexible, handy, hard, soft"
loh,"Allow, consent, yield, give"
loi,over
loi,beyond
loi,more
loi,smallest
loih,Mow
lok,Extend
lol,Mute
lolan,ivy
loleng,Hang around
loliel,Talkative
lolut,"Reckless, thoughtless"
lom,"in, during, when, at"
"loma, roma",fat
lomuon,"soft, flexible"
lon,Intermittency
long,tree
long,"Tree, wood"
long,"Beautiful, good"
long păk,treefall
lop,"Cover, flood"
"lot, lât","Confused, ashamed, silence"
lu,have an appetite
lu ayăt,enemy
lu bơ̆n,we
lu bơ̆n,I
lu tơtông,thief
lui,obey
lui,"believe, confide, obey, yield, acquiesce, consent"
lut,"Worse, lower, lesser, less"
luôch,dead
luôch yol,faint
luôih,undress
luôn,swallow
là,spit out
lâl,"Volatile, frivolous, libertine, licentious"
"lâl, lol",Mute
lâm,Fake
lân,Clay
lâp,"Sufficient, enough, suitable, proportionate, commensurate, mediocre"
"lâp, lop","Submerge, cover, flood, covered, flooded"
lât,"trample, walk on"
lék,"dissolve, consume"
lék,spread
lêch,out
lêch hluôi,leave
lêh,demon
lêh lêm,ghost
lêl,weak
lêl,cowardly
lêm,fierce
lê̆,know
lëk,Tin
lïet,"Knocked down, overturn "
lô,regretful
lô,regret
lô-la,Cancrelas
lôet,"Die, faint"
lôk,"Turn over, turn sideways, upside down"
"lôk, unh ","Glowworm, firefly"
lôm,"Roll, fold"
lômô,Often
lông,float
lôr,"crush, trample, tread upon"
lôt,stooping
lă tuk,release
lă tuk,spit
lăh,familiar
lăm ko,"Add that, moreover, more"
lĭ như,how
lĭ yơ,why
lĭ yơ,how
lĭ ơ̆i,therefore
lŏng,peel
lŏng kơdoh 'long,peel
lũm,"roll up, wrap."
lŭ,flatter
lŭk,"Trouble,"
lŭk-lok,"mixture, confusion"
lŭng,"Incapable, unskillful, clumsy"
lŭon,"Swallow, devour"
lŭr,"Go, run"
lŭt,"stick, push"
lŭt,credulous
lơ-u,coconut
lơgah,bait
lơh,always
lơhach,smooth
lơhach,slippery
lơhing,thirsty
lơhing đak,thirsty
lơhuêch,whistle
lơhông,cage
lơhông lơhông,loose
lơkah,excess
lơkah lơkai,excess
lơlơl,mischievous
lơm,to
lơmek,smooth
lơmek,soft
lơmo,lover
lơmo,cow
lơmo kon,calf
lơmĕ,fat
lơmơt,soft
lơmơ̆n,soft
lơnga,sesame
lơngoh,cold
lơnguach,tie
lơnguô̆,miss
lơnguô̆,longing
lơngơp lơngơp,damp
lơngơ̆u,sesame
lơngưp,cool
lơngưp,cold
lơ̆i,so
lơ̆k,spread
lơ̆m,at
lơ̆m,in
lơ̆m hnam,home
lơ̆m hnam,in
lư,many
lư,crowded
lư lang,plenty
lương,amount
ma,boy
ma,uncle
ma,Uncle
ma,straight
mah,enough
mah,gold
mah,"Suffice, sufficient"
maham,Blood
mai,sister
Mai Hương,Mai Hương
mai oh,sisters
maih,gold
maih,Copper
"majo, mx io",Which
man,mould
manat,"Have pity, compassion"
mang,"Door, main gate"
mar,"Shady, fearful, untamed "
mau,"Think, reflect"
măy mok,machinery
me,Mother
me,"Nourish, maintain, sustain"
meh,Glean
mek,enough
mek,Uncle
mem,"regret, distressed"
"meng, mă ","Quickly, promptly"
meo,Cat
met,meter
met-môt,Get ready
meu,cat
meu bri,lynx
meu kôch,scratch
meu kôch,kitten
meu paĭ,scratch
mi,brother-in-law
mi,Rain
mi,"Brother in law, sister in law"
mih,uncle
mih,sir
mih,Uncle
mil,"angry, impotent"
mim,wild buffalo
ming,"Repair, restore, reestablish, amend, correct"
ming,"Cast spell, curse."
minh,one
minh,each
minh 'biê̆,bit
minh 'măng,once
minh 'nu,lonely
minh abơ̆u,thousand
minh hriêng,hundred
minh huôi kah,later
minh hĕi,awhile
minh jĭt,ten
minh jĭt juh,tenfold
minh jĭt pơđăm,fifteen
minh lơ̆m,one
minh pơnuôt,half
mir,field
mir,Field
mo,"Lowing, bellowing"
momai,"Older sister, sisters, cousins"
momang,"dark, darkness"
momur,grumble
"momâng, momong",impudent
momâu,Mushroom
"momôt, romôt, rômuôt",horrified
momŭ,grope
mon,grandchild
mon,"Nephew, niece"
mon,feel
mona,war prisoner
"mona, mônah","Some, part, others"
"mona, môni mona","Though, However, but"
mone,For
mong,contain
mong,restore
monhan,"refuse, fuse, resist"
monhang ko,"although, despite"
"mono, ma nŭ",This
mou,"Exhale, smell"
mrom,Arrow
mrông,Hoard
mu,"Group, band"
mu krŏng,sulfurous
mu krŏng,sulfur
much,Whisper
muh,nose
muh 'brư̆m,arrow
mum,Corner 
mur,"Indecent, obscene"
muôĭ,immerse
muôĭ,dive
mâk,In charge
mâm,Breastfeed
mâr,"on guard, alert"
mât,Eye
mât-nar,sun
mé-kra,Aunt
mô,black
mô hinh,model
"môet, plonger dans l’eau et retenir sa res- piration",water proof
môi,"First, beforehand"
môi trương,environment
môl,disgusted
"môl, lôet ",Faint
"môleh, ou mieux bôleh",bleed
môlâu,"ashamed, blush."
môlẽ,"Nevertheless, in spite of, yet, although"
"mômong, momung",Hollow
mômônh,"Whisper, complain"
môn hok,subject
môneng,Rope
môngang,carpenter ant
mônhã,"Gleaming, shining"
mă 'noh,there
mă lĕi,however
mă lĕi,but
mă như,which
măc ca,macadamia
măng,night
măng cham,yard
măng lung măng linh,eclipse
măt,eye
măt,name
măt 'năr,sun
măt khăi,moon
măt phim,blind
mĭ,mother
mĭ yăng,stepmother
mĭ yăng,step-aunt
mĭr,very
mŏch,clumsy
mŏk,rice
mŏk lol,wasp
mŏm,suck
mŭ,vulva
mŭk,"Musty, moldy"
mŭn,"Overflow, abound"
mơhiưch mơhiach,hovering
mơkai đak,cucumber
mơkuôi,gecko
mơlơ̆u,embarrassed
mơlơ̆u,ashamed
mơlơ̆u,shy
mơmaĭ,mite
mơmaĭ,tick
mơmŏ,cow
mơmŏ,walk
mơng kơtang,hero
mơnglŏk,firefly
mơtơ̆ng,if
mơ̆m,lip
mơ̆m,tray
mơ̆u,smell
mơ̆u,flavor
mơ̆u ding dơl,shiitake
mơ̆u khoi,scorched
mơ̆u phu,fragrance
mưih (min),deforestation
mưih kăiI,deforestation
mưt,enter
mưt,crawl
mưt,crouch
mầm,Iron
mắt,eye
mắt gling gling,sleepy
na,field
nai,other
nai,friend
"nai, anai",Other
naih,reluctantly
nam,male
nam,south
nam,Go ahead
nao,"new, newly, recently"
nar,Day
"ne, uai ne",spider
neh,"Parsimonious, mean, ugly"
ney,"My daughter, my child"
"nga, nga-ngai",acceptable
ngach,"cool, lukewarm"
ngah,Dawn
ngal,charcoal
ngal ŭnh,coal
ngam,Sweet
ngang,across
ngang,Absolutely
nganh,despondent
ngar,coal
nge,"Newborn, toddler"
ngeh,"Hope, expect"
ngel ngol,"jerk, waver, indecisive, indecision"
ngeng,"Tenacious, stubborn"
nget,Cooled
nget,Green
nghiêng,leaning
nghê,profession
nghê thuât,art
ngi,Manage
ngieo,left
ngir,"presence, face, in front"
ngo hnhĕi,review
ngoai,external
ngoh,rice
ngoh,"persevere, consistent, perseverance"
ngoi,raise
ngoi,shadow 
ngoih,Bite 
ngonh,"averse to, opposed to"
ngor,"Molest, vex, tease"
ngui,ripe
ngul,Nod 
"ngur, gam ","Dark blue, purple"
nguyên ven,intact
nguã,"Obey, obedient, docile"
"ngâl, long ",Snag
ngâm,"Keep, immerse in"
"ngâr, ngôr","tease, vex, molest, bother."
ngôi,Look up
"ngôm, dak ",raindrops
ngôr,blushed
ngôŭk,Brain
ngôŭl,shave
ngŏ,see
ngŏ,look
ngŏ,guard
ngŏ,look up
ngŏ 'boh,see
ngŏ hnhĕi,monitoring
ngŏ măt,gaze
ngŏ tông,peek
"ngũt, ngam ","Very mild, very sweet."
ngŭk,"Superabundant, in abundance"
ngơ̆n hang,bank
ngớt,delayed
nha,Fishing gear
nhai,Long 
nhak,"Carry, bring, take away "
nham,delicious
nham,"Meat, flesh"
nhang,Echo
nhao,Wash
nhap,"Defunct, fire"
nhek,"Black brown, black"
nhem,taste
nhem,Cry
nheng,"Tenacious, opinionated"
nher,Winking
nhet,Grass
nhet,Squeeze
nhi,we
nhi,both
nhik,Pickaxe
nhiu-nhau,"Without order, wrongly, inconsiderately"
nho,grape
nhon,"We, our"
nhon,Hock nerve
"nhon, na ","Laughing, mocking, joking"
nhong tâng,Pipe stem
nhorong,"Often, very frequently"
"nhoët, nhôt",proud
nhui,smoke
nhum,"hairband, hair tie"
nhum,"Cry, shed tears"
nhâk,Difficult
nhân,"Sticky, viscous, easy to adhere"
nhâu,Ornaments
nhéng,"Carry, bring"
nhôm,Have appearance
nhôm,"Slow, late"
nhông,firstborn
nhông,proud
nhĩp,"Clos, closed"
nhĭm,cry
nhĭm hmoi,cry
nhĭm kơsơk,sob
nhĭm ol,sob
nhŏm,sip
nhŏm sơdrô,sip
nhũng,Pork
nhŭng,pig
nhŭt,Brine
nhơk,shine
nhơn,we
nhơ̆i,above
nhơ̆t đinh,definitely
như như,which
nhưng,filling
nhẽn,"Clear, obvious, manifest, proven"
ni,"Woolen fabric, woolen cloth"
"ni, ni na",thoughtlessly
niet,Squeeze 
niô,dare
"no, ho ","There, that"
noh,main
"nong, ning-nong",Wandering
nonâm,"Nebulous, dark "
"nop, hôồnop","Saber, cutlass scabbard"
nor,"bite, piece, word"
num,Urinate
nung,fired
nung,package
nut,Button
nâp,"stoop, bow"
"nâr, nor",mouthful
nâu,brown
nêp,glutinous
nôi,internal
nôi thanh,urban
nôl,"Attempt, try, compete"
"nôl, hla , long ",Pot lid
nông cu,tool
nôr,Plateau
nôĭ tru,boarding
nă,uncle
nă ma,relatives
"năk, dâk",Traps
năm,go
năm 'bŭ atơ̆u,funeral
năm adrol,ahead
năm arŏng arong,recede
năm chop,tiptoe
năm chă,search
năm dal wang,circle
năm gơdŭ gơdŭ,retreat
năm riêng,hunt
năm sriêp,hide
năm sơhmanh,play
năm tăp dal,around
năm tơyơ,whereto
năm đưng rŏng,follow
năng,please
năng,Look
"năng, tăng ","Straight, straightforward, frank"
năng-nai,"Think, estimate, judge"
năr,day
năr dơmuônh kơnh,dayaftertomorrow
nĕ,don't
nĕ pă,don't
nŭih,"Heart, courage, courageous, daring"
nơ̆r,speech
nơ̆r,language
nưih,fierce
nưih 'moih,dream
nưih brư,ferocious
nưih sơhngơ̆m,brave
nưih sơhngơ̆m,reckless
nưih tơblah,battle
nưïh pơdŏk,difficult
o,Yes
o,"Boast, divulge, glorify"
oa,"almost, on the verge"
och,"Decrease, deflate, digest"
odo,pledge
odro,"haggle, trade"
oh,sing
oh,sibling
oh,"younger brother, younger sister"
oh kơdiŏng,sister
oh liêm,sing
oh tơhnglo,brother
ol,"solicit, urge"
om,Rotten
om-ro,"Discomfort, indisposition"
on,Improvise
"on, en-on",stretch
ong,Wasp
onglôŭng,sausage
onguy,"Durable, solid, strong"
Ooresol,oral
op,Cook in the pot
or,bottomland
"orong, rong",hold back
"orôih, roih",Choose
oxeh,Horse
oxu,Snuggle
"oây, oei, ou bien oai (suivant les lieux)","stay, sit down, seated"
pa,Again
pah,split
pah,Split
pah klau,illness
pah til,longhouse
pai,Cook
pak,break
pal,fly
pal,"Pallor, pale, livid"
pal,"Compensate, indemnify"
pal tơjul,dive
palăng,"Just, exactly"
pam,that
pam,Nasse
pam rôp ka,fishing
pan,bedridden
panah,"Shoot bow, crossbow"
panang,"Glass beads, glassware"
pang,throw
pang,"With, between, in"
pang,"Discuss, dispute, contradict, contest"
pang tũk,throw
panât,Sharp
panäm,"Hardworking, active"
panăr,Wing
pap,"Stunted, knotted, withered"
par,Fly
par,Flattened
pat,sharpen
paĭ,scratch
peh,pound
peh,Pound
peh 'ba,pound
pel,"relentlessly, steadfastly"
pen,"whine, fuss, grumble"
peng,Three
pet,Pinch
pha,"Other, different"
phai,must
phai,"Delegate, send engage, incite, persuade"
phai năm,mustgo
phal,"lever bar, crowbar"
phal,helpful
pham,blood
pham,Blood
phang,dry
phang,warm
phao,"Firecracker, gun"
phau,gun
phe,rice
phe,"Shelled, hulled rice"
phe 'ba,rice
phech,"Break, tear "
pheo,"satisfied, happy"
phi,Satisfied
phi kông,pilot
phiang,quickly
phiel,"Sad, bored, morose"
phik phik,"Suspicious, shady"
phim,blind
phim,film
pho,vice
phok,mold
phok,moldy rice
phong tep,bedroom
phong tri,control
phu,fragrant
phuk,rotten
phung,loud
phung,"Moldy, spoiled"
phung phung,noisy
phung phung,loudly
phân,part
phây,otter
phé,"leaves picking, tobacco picking"
phôi,disappointment
phôm,fart
phông,gong
phĕi,otter
phĭ,full
phĭ phoi,full
phĭ tơnŏ,warmth
phŏng,bubble
phŏng 'nôm,bladder
phŏng ka,fish bladder
phŭk,"Spoiled, rot"
phŭng,suddenly
phŭt,minute
phơ̆ng,chalk
pia,cucumber
pia kơ'ne,cucumber
pia mơkai,watermelon
pia đak,cucumber
piel,Plane
pih,wash
pik,paint
pik,Anoint
pik 'măng,paint
pim,gizzard
pin,"cradle, carry"
ping,slope
ping kông,mountainside
pinh,demand
pinh,ask
pinh,request
"pir, habo ",corn
pit,banana
pit,"depress, press"
pit,"Make smooth, polish"
pit muh,mask
pit pdơnang,finger_banana
pit pha,dwarf_banana
piu,Bramer
piân,Season
piêng glip,glimpse
piêu,continue
piêu,more
pla,tip
pla,tongue
pla,"Flame, blade"
pla asai,hook
pla sung,blade
pla săng,blade
pla ŭnh,flame
plach,"Lie, liar."
plaih,Breaststroke
plaih ti,span
plang,"offer, sell"
plao,Beach
plat,Moreover
plech,"turn, turn around"
pleh,Detach
plenh,"Heaven, firmament"
plet,Advanced
pley,Fruit
plih,exchange
plim măt 'yĕr,nightblind
plo,turn
ploh,tell
ploh,wrong
ploh,unlucky
ploh,invite
ploh,"Open, strip, remove"
ploh,erupt
ploh tơ 'yung,order
ploh tơ 'yung,command
plok,blind
plong,"Still good, almost new"
pluh,Overtake
pluk,turn on
pluk,jump up
pluk,struggle
pluk,struggle up
pluk 'yung,sit up
plus que,better
plôh,remove
plôm,Forest leeches
plôŭk,"scrape, scratch"
plă,"By the way, opportunely"
plăi,fruit
plăi đum,ripe
plăng,Everything
plăt,whole
plĕch,wool
plĕch,enter
plĕi,fruit
plĕi nho,grape
plĕi nưih,heart
plĕi puôih,calf
plĕnh,sky
plŏk,open
plŏk 'biê̆,ajar
plŭk,"Arrive suddenly, show up unexpectedly"
plơ̆ plech,repeatedly
plư̆ng plưng,newer
po,dream
po (mot rèngao),Self
"pobleng, poblénh","Frighten, irritate, infuriate "
pobloi (mot rèngao),Joke
pobret,Make progress
pobŭk-pobak,"indiscriminately, inconsiderately, foolishly"
pochah,"break, shatter"
pochang,"delay, postpone, stall"
pochit,"engage strongly, order"
pochoh,"dig, plow "
pochol,"Pointing out, pointing at"
pochèng,"Swelling, skin inflammation "
pochôn,"Endure, tolerate"
pochŭt,"Engage, push, excite, incite"
podam,allign
podao,"attempt, try, experiment, test"
podar,"deceive, lie, defraud"
podek,hurry
podieng,abstain 
podiet,Exploit
podik,enslave
podoh,burst
podol,inherit
podom,adhere
podon,Enlighten
podong,erect
podra,"Scaffolding, trellis"
podran,Exert
podriu,Wake up
podrong,"Rich, influential"
podrong,consult
podruh,Scare
podrun,Clutter
podrăn,bait
"poduenh, poduinh","twirl, spin"
podum,"mature, ripen"
podung-podang,Trifle
podunh,"delay, linger "
"podâl, podol",Implore
podâm,"Five, fifty , fifth"
"podây, podey",rest
podô,hide
podôh,"cease, halt, interrupt "
podông,endure
podŭk,stomach
podŭng,detour
poeh,furuncle
poerih,nourish
poet,"toast, serve, cheers"
pogang,"Remedy, medicine, drug"
pogit,estimate
poglang,intersect
pogleh,"tire, annoy"
pogleng,Silence
pogloh,Curse
poglâm,Oppress
pogol,lengthen
pogot,Confiscate
pogrop,"Unite, reunite, assemble"
pogrông,disobey
pogâm,"Oppress, violate"
pogôŭng,stripe
pogăn,"cross, pass through"
pogŭang,Vigilant
pogŭt,bend
poh,dye
poha,Unclench
pohach,"melt, liquefy"
pohel,"vilify, depreciate"
pohiah,"Wear, tear, ragged"
pohiang,"Urge, hurry"
pohioch,squander
"pohiâk, pohiok",Embarrass
pohiôk,Ponder
pohiôt,forget
pohlam,spread
pohlieng,embarrass
pohloh,"enlighten, explain, each"
pohlom,precaution
pohlot,debit
pohngol,soul
pohngâm,"aggravate, weigh down"
pohnông,"On purpose, with premeditation"
pohoach,Dissipate
pohoch,flow
pohoh,"Empty, clear"
pohon,grow
pohâral,Awaken
"pohârâat, pohât",mess up
pohôi,"Release, relax, loosen"
pohôp,"boast, praise"
"pohôp, pohôp",brag
poioch,mislead
poiâm,"diminish, lessen"
"poiŭo, pôjuâ","Provide profit, sponsor"
pojah,"ltercation, arguing, betting"
poji,"hurt, torment"
pojing,"Generate, create, produce"
pojorou,"Harmonize, blend, Integrate"
"pojoruh, pôxoruh",reduce
pojorŭ,"dig deeper, deepen"
pojâp,Embrace 
pojât,cautious 
pojôt,show off
pojŭ,rafters
pojŭp,"Join, unite, reunite"
pok,fall
poka,commission
pokal,"Force, violate, demand"
pokeh,Conclude
pokhong,Ignite
pokhor,"Tease, annoy"
pokir,"Hide, keep secret, conceal"
poklaih,"make disappear, erase"
poklép,Seal
poklŭt,Impose
pokong,Engage
pokra,"Repair, adorn, mend"
"pokrip, pokrŭp",Emanate
pokro,Desiccate
pokré,Scare
pokrën,curse
pokrôŭl,Oscillate
pokuh,bow
pokâm,Boast
pokô,"Assume, predict"
pokớôp,"pair, match, unite, join"
polai,Butterfly
polang,Grain
polap,"tire, harass"
polat,"Flatten, make flat"
poleu,Harassing
polik,"Provoke, vex, seek chicanery, bother"
poloi,"increase, exaggerate, add"
polong,"Beautify, repair"
polong,"Caress, console, seduce"
polou,"Female sterility, sterile"
polui,"Deceive, lie"
polut,"deceive, persuade"
polxp,"Match, assemble "
polâm,oppress
"polâu, polou",Sterile 
pom,Feign
poma,speak
pomap,suffer
pomau,"think, reflect"
pomem,Sacrifice
poméng,diligently
pon,Dare
pon,wrap
ponak,Sapwood
pong,Nail
pongal,Marrow
ponglaih,Liberate
pongneh,Hope
pongo,subdue
pongo,Cautious
pongor,Glow
pongot,"Hunger, starve"
pongua,tame
pongâm,Soak
pongôk,Pour
pongôt,"Slow, delayed."
ponhan,Bowl
ponhek,Blacken
ponhoi mat,Side-eye
ponhong,proud
ponhui,smoke
ponhut,Brine
ponhôm,brag
ponil,Full moon
ponot,Partition
ponu boh,basket
ponung,Chisel
ponuớt,canvas
ponông,Enclosure
pool,afflict
popom,pretend
poprang,depart
poprông,fester
popuh,Expel
poput,"deceive, mislead"
popénh,Agitate
porang,ignite
porang,Shine
porang ba,Winnow
porim,distribute
poring,Accompany
porum,concubine
porung,"abort, abortion"
porâm,ruin
porônh,entice
porõ dak,Channel
poteng,Compare
potoch ko,"Excite, rouse"
potoi,Lengthen
potom,start
potong,declare
potral,stay awake
potrô,adjust
potuat,Divert
potâu,Buttocks
poténg,Boil
potép,"Adhere, adapt"
potôeét,"finish, complete"
potôm,"sum, total"
potŭk,blister
pouih,"Bring back, recall, return"
pouil,astonish
pouin,"Flex, bend"
pouing,detour
"pouir, pèmé , pèma pouih uir",repeating
pouit,fist
pouoch,sadden
"pouom,  kodŭ",Recline
pouot,"scramble, confuse"
poxa,"Report, denounce"
"poxem, poxiem","To feed an impotent person, child ."
"poxere, pôxôre","fine, cause harm"
poxir,Seal
poxit,conclude
poxiây,"Justify, excuse, exculpate, exonerate"
poxoro,"Exhaust, dry up"
poxorong,Preserve
poxorong,uproar
poxoruh,"Decrease, attenuate, lower"
poxorâm,Create
poxorôp,Adorn
poxuh,"Engage, excite, incite, exhort"
poxut,lower
poxô,Advantage
poxôk,Rejoice
poâng,"enlighten, publish, disclose"
poâp,"Embarrass, confuse"
poïeng,"tease, annoy"
poõl,"Affirm, irritate, exasperate"
poûm,Solemn
pp,Ignore
pra,floor
pra,price
pra hnam,floor
pra hnam nh,kitchen
prah,shoot
prah,Archery
praih,array
praih,spread
praih,Sober
pran,strong
pran,healthy
pran,"Strong, robust, vigorous, powerful"
prao,Dragon
prau,dragon
"pray, hi ",Patchwork
pray-tông,chick
pre hơ,they
preh,"Whipping, flog, lash"
prel,sizzle
prel,Seed
preng,Hasten
preu,Withdraw
prey,Fornicate
pri pră,"Plenty, plentiful"
pring,glare
pring,"Defend, protect"
pring măt,dazzling
prit,Banana
priêu,back
pro,grind
pro,Eggplants
pro 'nhŭ,tomato
proch,Ooze
prok,squirrel
prol,wash
prol kơ̆l,shampoo
prong,Decapitate
"pru, pruk",Bonfire
pruih,Spray
prung,Bake
prâat,break
prâl,"Beautiful, handsome, attractive"
prâm,abandon
prâng,"Depart, leave"
pré,Abundant
prôh,garden
prôk,squirrel
prông,Shelf
pră,beans
pră,Garden
prăn,Entice
prăng,Drought
prơng tep,basin
pu,responsible
pu,"make nest, nest"
pubung,fact
puh,fact
pui,happy
pun,luck
pung,fermented
pung,ferment
pung,"Country, region, county"
puol,pumpkin
pupi,crumple
pur,Bury
put,Deceive
puôi,secret
puôn,four
puôt,shorten
pâ,"Great difficulty, misery extreme fatigue, very painful"
pây,"Blowing, fanning"
pék,"Pick, cut"
pêl,examine
pêng,three
pô,Friend
"pôbenh, ou plutôt tôbenh",fill
pôchep,hold
pôchôh,"clean, polished"
pôchôrâm,"novice, rookie, newbie"
pôchôt,"rejoice, cheer up, bring joy"
pôdok,Converse
pôdol,Implore
pôdreu,return
pôdreék,Intestines 
pôdây,"obtain, acquire"
pôge,morning
pôgloh,"Bring down, reduce, lower"
pôguah,Adorn
pôgôn,Emphasise
pôgôr,leader
pôgắp,Betroth
pôh,"Exhausted, tired"
"pôhech, pôhek","break, pulverize"
pôhxrat,"harass, weary, impose"
pôhôrôch,"Waste, lavish, dissipate."
"pôiao, pojao","Deliver, hand over"
pôie,shrink
pôj e,shun
"pôjai, poma","Speaking, language"
pôjei,"justify, vindicate"
pôjip,"Join, unite"
pôjor,"distract, frustrate"
pôjuer,"Avoid, detour "
pôjum,"Together, gathered together, in common"
"pôjây, pôjïây",compete
pôk,lift
pôkhin,Hundred
pôkhin,Encourage
pôkla,Separate
pôklik,"Kill, assassinate, massacre"
pôklik,deafen
pôklâp,to stuff
pôkral,Harden 
pôkrăm,"dive, submerge"
pôkâp,Adapt
pôkäl,"adhere, subject"
pôlao,dune
pôlek,"Consume, destroy, annihilate"
pôley,Village
pôliem,Make honorary repairs.
pôlieng,"Draw, unsheathe"
pôloh,release
pôlok,"Consider, examine"
pôlôet,"kill, knock out"
pôlăm,Spread
pôlăng,"Exactly, no more, no less, exactly."
pôm,a
pôm,item
pôm,animal
pôm,"Alone, unique"
pôm,"rot, decay"
pôn,rest
pônai,ladle
pône,acceptable
pôneh,Source
pông,swell
pôngôr,palate
pônhen,"explain, prove, clarify"
pônho kg,Enough
pônâm,"Laborious, active"
pônãäp,Yield
pôr,demand
pôre (pour poere,Resonate
pôtam,Plant
pôtih,Compare
pôtit,urge
pôtiâ,Forward
pôtuah,"Divert, dissuade"
pôté,gallop
pôté,feign
pôté,lust
pôtô,"heat, ignite"
pôtôl,Deliver
pôtôn,Recite
pôtăng,Align
pôtắp,summon
pôxe,Tease
"pôxek, poxek pôxôk","Slander, denigrate"
pôxôm,"Companions, friends"
pôxôreéng,dry
pôxôrô,distract
pôxôrũ,"Punish, fine"
pôxù,Hoard
pôxărâp,"Satisfy, satiate"
põch,Pluck
põt,"lightly, caressing, gently"
pă lê̆,unknown
păi,"Undo, destroy, demolish"
păiI,fly
păk,fall
păng,listen
păng,"Internode, phalanx"
pĕnh kơpaih,fluffy
pĭm tru,goiter
pĭng pŭng,thumping
pũng,wallow
pŭ,carry
pŭ,beget
pŭi,Rice
pŭi pũi,smoke
pŭih,Winter
"pŭih, pŭeh","Leg fat, calf"
pŭk,tenderloin 
pŭk,"Meat, flesh"
pŭl,tumor
pŭng,mortise
pơ'nhau nưih,reconcile
pơ'nuôl,roof
pơ'nuôl hnam,rooftop
pơ'yŭ,threaten
pơ-ak,sheath
pơ-ak hơ'bo,cornhusk
pơ-ak pit,banana sheath
pơ-ang,show
pơ-ang,newspaper
pơ-ang,report
pơ-eh,swell
pơ-ol,choking
pơ-ung,coax
pơ-ŏ,mango
pơchah,broken
pơchi,finger
pơchi,point
pơchiêp,copy
pơchiêp 'bơ̆l,pout
pơchiêt,creep
pơchiêt,infiltrate
pơdal,turn
pơdal,rotate
pơdoh,cradle
pơdriêu,return
pơdriêu jên,pay
pơduôch,acne
pơdwal,proud
pơdê,scorn
pơdê,mock
pơdô,lure
pơdô,indifferent
pơdô,console
pơdô,soothe
pơdô̆,hide
pơdơh,rest
pơdơi,rest
pơdơi kah,rest
pơgal,fence
pơgal 'măng,doors
pơgal piêu,enclose
pơgal piêu,fence
pơgloh,special
pơglŏng,attentive
pơgăn,block
pơgăn trong,block
pơgơl,command
pơhlum,fake
pơhlum,false
pơhrăn,dare
pơhrăn,intervene
pơhrưng dĩh bơ̆l,yield
pơhư,destroy
pơjing,develop
pơjuô̆ pơđep,scold
pơjuô̆ pơđep,bully
pơkau,flower
pơkau 'ba,rice
pơkau arih,flower
pơkau arih,flowers
pơkau chôh,blossom
pơkeh,remainder
pơkep,force
pơkhô,dry
pơkiu,coax
pơkuê̆ pơkuă,sloppy
pơkă,advise
pơkă,remind
pơlah,panel
pơlah,brokenrice
pơlang dru,bulbul
pơliêu,bulbul
pơluk,pool
pơluk pơlăk,lump
pơluk pơlăk,grumpy
pơlung,console
pơlung,soothe
pơlêch,produce
pơlô,loss
pơlô,lossless
pơlôm hlĕnh,deceitful
pơlĕch,armpit
pơlĕi,trade
pơlĕi,village
pơlĕi pơla,village
pơlŭk,stupid
pơlŭk,destroy
pơm,do
pơm,create
pơm,process
pơm liêm,show off
pơm năng,try
pơm pơgơm,intimidate
pơm pơkeh,finish
pơm pơlôm,feign
pơm pơđĩ,finish
pơm sa,business
pơm sơ̆i,build
pơm ăn đe 'yŏk 'boi,exemplify
pơm đôi,befriend
pơnai,oar
pơnai,paddle
pơnai chơraih,match
pơnal,wing
pơnam,diligent
pơnam deh,diligent
pơnang,areca
pơnar,blade
pơngot,hungry
pơnhan,bowl
pơnhan grông,bowl
pơnhan ken,bowl
pơnhuôi,pangolin
pơnhôm,concentrated
pơnih,wall
pơnil hnam,wall
pơnăt,jackfruit
pơnŭ,pile
pơsau,son-in-law
pơsau,groom
pơsel yang yai,swallow
pơsiêm,feed
pơsiêm ngoh,feed
pơsoh,lung
pơsuh,paper
pơsĕi,iron
pơtep,weld
pơtep,attach
pơtep,paste
pơtho,lecture
pơtho,teach
pơtho akhan,advise
pơtho akhan,educate
pơtuôch,boil
pơtăm,plant
pơtăm 'ba,plant
pơtăm long,plant
pơtăng,swell
pơtău,buttocks
pơtĕng,boil
pơtŏ,heat
pơtŏk,burn
pơtơm,begin
pơtơm lêch,born
pơtơ̆p,teach
pơtơ̆p,universal
pơtơ̆p pơtho,guide
pơtơ̆p pơtho,show
pơtơ̆p thê jŭk,exercise
pơuh,swell
pơuh nưih,bold
pơxôre,"harm, punish"
pơyat,swell
pơđam,speak
pơđam ăn,tell
pơđep,obligatory
pơđêch adrin,try
pơđăm,year
pơđăm,five
pơđĩ,remaining
pơđơng,drift
pơ̆k,fall
pơ̆n,dare
pơ̆n pơm,dare
pắt,off
"queue coupée, privé de sa queue",dead end
quy hoach,planning
Quy Nhơn,Quy Nhon
ra,"Say, tell"
ra-đi-o,radio
ra-đi-o,station
rah,"Untimely, unseasonal, off-season"
rai,carry
rai,spill
rai,sow
raih,display
raih,"Individually, individual"
rang,bright
rang agah agơi,dazzling
rang jơdah,bright
rang liêm,bright
rao,Wash
rap,Watch
re,call
re,"Resound, shout, creaks."
reh,play
rel,trim
ren,forge
ren săng,forge
rep rep,Diligence
rim,various
rim,some
rim,the
rim,areas
rim,each
ring,edge
ring khing rang khang,rumbling
ring ring,bustling
"ring, rung ",Barren
rio,Stroll
rip,"Ask, solicit, pray"
riu,awake
riêh,root
riêng,hunt
riêng hơyô,hunt
riê̆,tunnel
riê̆,simmer
riê̆ kơting,broth
riê̆ kơting,bone broth
riô,Aged
riô,Distill
"riôh, rôh",Root
ro,"stream, flow"
ro,Perceive
ro,Dig
ro,Distill
ro,Satchel
ro,Languor
robeh,Surplus
robŭn,wire
roch klak,"Cleanse, purify"
rochâng,Insightful
rodã,Suspension bridge
roh,garden
roh,Stack
"roh, teh ","Red soil, laterite"
rohang,"Brittle, fragile"
rohing,Yearn
rohu,greedy
rohung,Mint
roi,tell
roi,Fly
"roi, roih","Tell, gossip"
roia,"Water flows, waves, ripples"
roih,crawl
roih,Choose
rok,along
rok,Blossom
rok jih,around
rok đak,stream
rokah,"The rest, the surplus, leftovers"
roki,Raft
rol,"Angry, irascible"
"rolat, halat",Flooding
rolik,"tease, molest"
rom,Carry
roma,fat
"romdol, homol","Kon , firstborn."
"romo, lomo",Beef
"romon, lomuon",soft
"romu, hômũ",vine
romuot,fear
"romôl, hômŭl",Log.
"romôt, romuot",loathed
ronak,weapons
rong,raise
rong,"Reserve, save, watch over, preserve, keep, maintain"
rong,Retain
rong sư̆,care
rongal,Sleep
ronguet,attach
ronung,Eel
ropiet,Language
rorik,"anxiety, trance"
rotah,Leech
rou,mention
rouah,"opening, hole"
roum,Roar
rouon,Expanse
"roxâm, khial ",Gale
roâ,appropriate
ruah,hole
ruet,Twist
ruh,bare
ruh hla,leafless
ruh rok,pale
ruih,Elephant
ruk,necklace
"rum, bŭôngai ",amulet
ruôh,drain
ruôh đak,drain
ruôih,elephant
ruôn,Leisure
ruôt,buy
ruô̆ al,tighten
ruô̆ al,clamp
râng,"Radiate, ray, shine"
râp,"Single, simple"
rây,pest
rô,Hesitate
rôba,Tartare
rôbat,Flexible
rôbâu,countless
rôdé,bamboo
rôech,herb
rôeng,wire
rôgah,Fatigue
rôgey,skilful
"rôh, rioh",Root
rôhach,Flammable
rôhã,Flimsy
rôhôi,loose
rôk,Follow
rôl kopaih,Extract
rôlâp,Negotiate
rôlăng,Ritual
rôm,Underside
rômét,"prepare, arrange"
rông,"behind the back, afterward, posterior"
rông,Commune
rôngop,"Temperate, moderate, sweet, mellow"
"rôngõt, rônguâ, rônguo",Solitude
rônh,Desire
rôp,catch
rôp,hold
rôp,grab
rôp,"Seize, take"
rôp 'yŏk,snatch
rôp 'yŏk,capture
rôp hnhĕi,lottery
rôp ka,fish
rôp ti,handshake
rôri,Tremor
rôta,Floodplain
rôulim,"Storm, typhoon"
rôônong,eddy
răp,room
răp,prevent
rĕk rĕk,ragged
rĕnh rê̆,immediately
rŏch,operate
rŭm,Concubine
rŭng,"Ruin, destroyed"
rơdah,light
rơdu,slack
rơdu,sag
rơh,choose
rơnao,"Repair, restore, renew, heal"
rơret akău,shudder
rơ̆u,wake
rơ̆u,wave
rồ,Beautiful
sa,eat
sa boih,eaten
sa bơih,eaten
sa et,eat
sa hôi,society
sa hơleh,finish
sa lach,lettuce
sa mŏch,steal
sa tap,omnivorous
sa uĕi,live
san phâm,product
sang glang,beautiful
sap,bland
se servir d’une chose,strolling
sem,bird
sem blang kĕi,ring
sem bri,animal
sem chap,sparrow
sem diê̆,parrot
sem hlum,kingfisher
sem klang,hawk
sem kring,phoenix
sem kơtơp,dove
sem kơwơng,peacock
sem lơ-oh,owl
sem prum,sparrow
sem pơsel yang yai,swallow
sem tơ'bơ̆l,sing
sem tơsi,sing
sem yang yai,swallow
sen,lotus
seng suk,shovel
sil,dig
sil,excavate
sil,tight
sil teh,dig
sim,blanket
sinh thăi,ecological
sinh viên,student
siêm rong,care
siêm tơme,care
so,dredge
soh,prick
soh,burn
soh,light
soh jrênh,fragrance
soh đen,light
soh ŭnh,stitch
soh ŭnh,ignite
sô̆ lươ̆ng,quantity
sra,lime
srah,strike
srah,thresh
srah ba,thresh
srang,shoot
sring,chain
sring srung,dragonfly
sriêng,dry
sriêng hŏnh,withered
sriêng sreh,arid
sriê̆,dry
srok,fish
srok ka,fish
sruôih,early
srê,debt
srôp,marry
srôp kơdiŏng,marry
srôp tơhnglo,marry
sră,mat
sră,shine
sră,bow
sră,crossbow
sră,rice
Srĕ,carve
srŏng,thorn
srơ̆p,bean
srơ̆p,wear
srơ̆p au,wear
srơ̆p hlŭt,clothing
sual,drunk
sual sơdrô,drunk
sum,warehouse
sun,row
sun 'long,grove
sung,axe
suplơ,supervisor
sut,bee
sut,erase
sut,wipe
suôn,up
sêp,harvest
sêp hla 'nhem,harvest
sôk,vole
să,wide
să,spacious
să lang tang,vast
săng,knife
săng chơkep,scissors
săp,vinegar
săp pit,vinegar
săt,thrifty
său,grandchild
sĕi,mill
sĕi ba,mill
sĭch,astringent
sĭn,ripe
sĭn,mature
sĭt,step
sĭt,sew
sĭt 'boi,embroidery
sĭt au,stage
sĭt au,shirt
sŏk,hair
sŏk,fur
sŏk kang,beard
sŏk ko,grey
sŏk kơ̆i,hair
sŏk miêm,whisker
sŏk miêm,mustache
sŭng,urinate
sŭp,cover
sŭp,wear
sơdrô,liquor
sơdrô,wine
sơdrô,alcohol
sơdrô triêng,wine
sơgiêng 'long,branch
sơhmanh,play
sơhmanh,game
sơhmĕch,mosquito
sơhmĕch wông,mosquito
sơhngeu,cold
sơhngeu,numb
sơhngeu sơngot,cold
sơhngliêng,shoulder
sơhngơ̆m,breath
sơlah,branch
sơlih,change
sơlih au,change
sơlung atău,grave
sơm,with
sơm,and
sơm,equal
sơmah,offer
sơmah,pray
sơmah sơmat,worship
sơmah wă tuk atơ̆u,funeral
sơn,pillow
sơn,raise
sơnglŏng,star
sơnglŏng bơgê,morningstar
sơnglŏng tong măng,eveningstar
sơnăm,year
sơnăm,age
sơnăm 'nau,nextyear
sơnăm 'nau piêu,yearafternext
sơnăm rŏng,lastyear
sơnăm ơ̆u,thisyear
sơnĕnh,tooth
sơreh,peel
sơreh,sugarcane
sơrăt,manner
sơđa,shaman
sơđiêng đak,stream
sơđiêng đak,crevice
sơ̆,stir
sơ̆ kih,formerly
sơ̆ ngoh,stir
sơ̆p hla bơ-al,book
sư,return
sưt,home
sưt rŏng,return
sư̆,place
sư̆,put
sư̆ akap,trap
sư̆ amăn,hoard
sư̆ anhơl,grateful
sư̆ dĕng,hoard
sư̆ kah,save
sư̆ kah,reserve
sư̆ lơ̆m klak,brood
sư̆ tơ'boh ăn kơđe,display
sư̆ ăn,yield
ta,spread
ta,unload
ta rah,Invitation
tach,slap
tach,whip
tach đak,bail
tah,Pour
tah,thunderstrike
tahar,Windbreak
tai chĭnh,finance
tai nguyên,resources
tak,teach
tak,spear
také,Lizard
takơl,fall
tal,Trim
tam,manage
tam,temporary
tam,Yet
tam,"Add, increase"
tang dô,"Stool, seat"
tang lat,"Flat, flatten "
tanh,weave
tanh,knit
tanh,"weave, braid"
tap,pat
tap,slap
"tar, blồng",Morning Star
tara,Contribute
te,gallop
"tech, tek",sell
teh,earth
teh,land
teh,soil
teh,Earth
teh,kick
teh bri,country
teh brư̆,barren
teh chuôh,sand
teh dal hnam,garden
teh hlih,landslide
teh kơtă,clay
teh liêm,fertile
teh tơmăn,plain
teh tơmăn,beach
teh đak,country
teh đak,nation
tek,Sell
tek,Slats
tem,Nibble
ten,"Quiet, peaceful, modest, honest"
teng tong,unstable
tep,sleep
tep hlêk,soundly
tep hlơ̆k,dream
tep hlơ̆k,sleepy
tep hyơt,dormant
tep pok,soundly
tham gia,participate
tham kuan,sightseeing
thanh phô̆,city
thar,approach
theng,checkpoint
theng,catch
theng,crane
theng,silence
thet,"Advance, progress"
Thi Nai,Thị Nại
thi sa,town
thiê̆t 'bĭ,equipment
thoi,follow
thoi,or
thu,thirsty
thu,blow
thu,"exterminate, destroy, carnage"
thu thum,Fragrant
thu đak,thirsty
thung,Gun
thung lung,valleys
thuy lơi,irrigation
thuy san,seafood
thuô,lose
thuôi,aim
thuôi,blow
thuôi phau,aim
thuôk,medicine
thuôk kơ'ne,bait
thuôk kơ'ne,poison
thuôk ngoi phau,powder
thâu,"Maybe, probably"
thén,"reciprocate, compensate"
thê ky,century
thê lưng,good
thôi,Enough
thôi,"Like, imitate, follow the example, learn"
thông,riverbed
thông tin,information
thôŭr krong,Floodplain
thô̆ ai,perhaps
thô̆ ai,lucky
thô̆ pŭn,lucky
thõng,wander
thŏng,boat
thŭ,rent
thơĭ gian,time
thư năng kah,taste
thư tơpơh,kind
thưk vât,plant
thương,usual
thương 'binh,wounded soldier
thươ̆k,ruler
thư̆,thing
thư̆ 'bal,Monday
thư̆ dơdrơ̆u,Friday
thư̆ puôn,Wednesday
thư̆ pêng,Tuesday
thư̆ pơđăm,Thursday
thư̆ tơpơh,Saturday
ti,hand
ti,"hand, fingers, thumb"
ti vi,television
"ti, toti",above
tia,prune
tien,prick
tieng,Nail
tier,Sharpen
tih,big
tih,Big
tik,"Shock, get shocked"
tik jik,constantly
til,"Proven, sure, certain"
ting,strain
ting tung,"pair, group"
tir,squirrel
"tiâ, tio","Follow, according to, following"
tiêm,inject
tiêm bơgang,inject
tiêm phong,vaccination
tiêng,tail
tiêng jok,orchid
tiê̆,follow
tiê̆,chase
tiô,Follow
tiôh,Touch
"tk, ich","Defecate, excrement, manure, droppings"
to,that
to,"Like, equal to"
to,towards
to,"Require, demand"
toba,Branch
toba,Drape
tobang,"Show, highlight"
tobat,"remember, reminisce, recall"
tobeh,"push aside, knock down."
tobla,itch
tobreng,Lose temper
tobrâl,repent
tobuh,"burn, incinerate"
tobâ kon,adopt
"tobăn, topô ",Befriend
tobŭn,"Promise, commit"
todah,"clearly, obvious"
todam,teenager
todih,"dating, date"
todra,Observe
todra kơ,"Whereas, since, given that"
todrang,"Opposite, towards"
todren,Bluster
"todrin, dôdrin",force
todring,Savanna
todring,"Together, simultaneously, simultaneously"
todroh,whoop
todrong,"Thing, matter, reason, motive, business"
todrut,push
"todrâl, todrôl",end
"todrâng, dodrang",Henhouse
"todrô, dodrôŭ","move, stir, agitate"
todua,neighboring villages
todŭng,aid
toeng,Cauterize
togal,Compatible
togen,trample
togiet,cuddle
togleh-gloh,Dislocate
toglek,twist
togo,snap
toguôt,"Tie, bind"
toh,"Hit, knock out"
tohak,Split
tohmot,Craving
tohmâach,Greet 
tohngâm,Eight
"tohnio, tohniet",Huddle 
tohor,"Dragging, pulling"
tohôang,Persuade
tohôch,Bicker
toih,taper
toiu,"Frighten, threaten"
toiŭk dibal,marry
toiŭng,"raise, erect"
toje,Close
"tok, túk",light up
toka,Announce
"tokhôl, tokôl",Grisonnet
tokloh,"fading, bleach"
tokong,branch
tokôi,invite
tol,length
"tol, tol mat",Blind
"tol, tâl",attain
tolak,peel
tolech,dispose
tolio,flute
tolo,Flip
tolép,Matting
tom,"Reach, join"
tom,"Trunk, principle, origin, beginning"
toma,"However, yet, nevertheless, in spite of"
tomau,think
tomet-don,Meditate
tomo,Rock
tomoih,entice
tomong,Lay down
tomong,listen
tomul,"Forge, merge"
tomut,"introduce, bring in"
tomôl,"horror, disgust"
tomông,"Cock, rooster"
tomăr,warn
ton,"Hit, strike "
ton pơnưng,drum
toney,"Stepfather, stepmother"
tong,Puddle
tong,Hear
tong măng,midnight
tong sră,crossbow
tong.,Yes
tongieq,To the left
tonglaih,let go
tonglang dak,bamboo water pipe
"tonglih, tongih","Threaten, provoke"
tonglong,"windless weather, calm weather"
tongoi,Gift-giving
tongâl,Full
tongâm,"Serious, important, considerable"
tongô,Black dye.
tongôi,gaze
tonieng,"Ankle, nail"
tonäp tap,"Difficult, laborious"
tonô,Ferrule
tonôt,Rub
top,fold
top,"have profit, good business, succeed"
topa,"True, truth"
topa,Freshwater turtle
topah,split
topai,"undo, fall apart"
topak,break
topang ,palm
topey joréng,bar of wax.
toplin,"Short and fat, stocky"
toplông,leaping
topo,At the time
topoh,"Seven, seventh"
topong,Receive 
toprah,"disperse, scatter"
topung,Flour
topô,Befriending
topôl,"Band, troop"
topăr,Fly away
torong,"mate, copulate, breed"
torôk,Thunder
torông,"arried away, lifted"
tot,"put on, insert"
totim,Cradling child
totong,"shake, shaken"
totou,"Perjury, Blasphemy"
totug,Suspension bridge
"totây, tôtey","Shiver, tremble"
totông,"Steal, thief"
touih,"Bring back, recall, return"
touil,"misunderstand, make mistake"
toxiet,little
toxul,muddled
toxung,Down
trach diêu,blame
trah,carve
tral,Stay awake
tram sa,clinic
tram xa,clinic
trang,wipe
trang,mop
trang tri,decorated
trek,"Audacious, courageous, boastful"
trel,trim
tren,Boast
treng,siphon
treng kram,bamboo
trep,peek
tret,polish
treu,Disjointed
tri ân,gratitude
trim,sprint
tring,"Pour, transfer"
trioh,Glance
triêng,cane
triêng sơdrô,cocktail
triê̆u,million
triê̆u đông,million
troch,"Sharpe
"
trom,faucet
trong,path
trong,road
trong,"Path, way, road"
trong glung,road
trong kial,draft
trong lương,weight
trong năm,traffic
trong pham,blood vessel
trong sơlah,turn
trong tĭh,road
trong uôh,trail
trong weh,turn
trong đak,gutter
tru,"Dove, pigeon"
tru-halong,goiter
truh,to
truh,"to arrive, to reach"
trum,Indigo
trân,battle
trât tư,order
trô,"Well, just, properly"
trô,Enclose
trôch,Drunkard
trôk,mud
trôk,Mud
trôk,"support, help"
trôl,"Delimb, cut the branches"
trôm,hole
trôm,cave
trôm,"Hollow, hole"
trôm gôp,cave
trôm hlŏng đak,sewer
trôm muh,nostril
trôm đon,earhole
trăp,heavy
trău,taro
trŏ,correct
trŏ,hit
trŏch,shave
trŭn,transmit
trơi 'bơ̆l,lip
trơn,"Add more, overbid, demand more"
trương,school
tu,source
tu,make shelter
tu,"surprised, touched"
tu,Headwater
tu đak,watersource
tuai,backpack
tuaih,jar
tuaih,basket
tuaih,Cowl
tual,Commune house
tuanh đak,squeeze
tuat,"Contoured, crooked, twisted"
tuenh,Twist
tuh,butt
tuh,pour
tuh,Give birth
tuh 'bơt,strain
tuh 'bơt đak,strain
tuh đak,pour
tuk,discard
tuk,subtract
tuk kơso,discard
tuk mŏm,wean
tul,punch
tum,Ponds
tun,"Go back, retrograde"
tung,carry
tuong,"Invert, tossing"
tur,punch
turtir,"torn clothes, ragged clothes"
tuâ,Sorghum
tuân lê,week
tuâul,"Witty, funny jokes, puns"
tuô,indifferent
tuô,Sorghum
tuôi,carry
tuôih,agriculture
tuôt,stamen
tuôt pơkau,stamen
tuơ̆n,week
tuộch,end
txal,"probe, scrutinize, suspect, accuse"
txik,"Acerbic, harsh, acidic "
txil,impatient
txo,Formerly
txut,"Wipe, clean, dust, sweep"
txă,"Wide, spacious, vast"
ty lê,rate
tâk,sperm
tâk,Spear
tâk,"Remove, move, divert"
tâk jâk,"habit, routine"
tâm,pierce
tân,"custom, tradition"
tâp,"Strike, clap, slap, smack"
"tâp, top",profit
târ,Bright white
târ,Braid
târ xung,Wedge
tât,"stop, block"
"tât, kôt","Bind, fasten, garrote."
"tây, pour to ây","thus, therefore"
tã kota,Instantly
té,Copulate
tél,"Smooth, polished, united"
tém,"Hammer, forge"
témot,Starve
téng,"Close, tighten"
téng,sunbathe 
"téo, tieo",shealth
tép,pinch
tép,Sleep
tér,thunder
tên,name
tô,"Warm, hot"
tôbadibal,accompany
tôbeh,Tame
"tôbeng, tobenh",Fill
"tôbich, tôbit",recline
"tôbla, béngai ",perverted
"tôbleéng, toblénh","frighten, infuriate"
tôblôr,Sliding
"tôbrât, tôbrot",Withdraw
tôbrŭk,activate
tôbâu,Millet
tôbôh,indicate
tôch,"extend, elongate"
tôchal,Retaliate
tôcheng,"Tilt, lean"
tôchoh,mince
tôchot,Resolve
tôchông,Betroth
tôdrou,"Six, Friday"
tôdông,"Rich, fortunate, successful"
tôdông,weave
tôet,"end, dead"
tôgar,"jealous, envy"
tôgloh,fall
tôgum,"In common, common"
tôgâk,"Serpe, Snake"
tôgũ,Swelling
tôh,"Melt, flow, pour"
tôh,Beans
"tôhech, tôhek",Break
tôhek,Tear
"tôhik, tôhing",quarrel
tôhul,sulking
tôiéng iông,Diamond
tôjôrâm,meet
tôk,Ascend
tôklah,"separate, divide"
tôkrây,Separately
tôkuh,meet
tôkul,Bush
tôkãn,approach
tôkăng,"Contiguous, bordering"
tôl,support
tôl,suspend
tôlah,Separate
tôlaách,Bicker
tôley,"Rope, tie"
tôlieng,shed
tôluh,overtake
tôlui xŭk,Bald
tôlách,"illuminate, to shine, divulge"
tôlông,"Leap, jump"
tôlôp,Gourd
tôm,"everything, everyone"
tômal,resow 
tômam,Material
tômoh,Stick
tômoi,Foreigners
tômâm,breastfeed
tômăn,flat land
tômăng,Observe
tôn,beat
tôn chỉnh,gong
tôn kơlok,play
tônai,Elsewhere
tônang,Equal
tôneh,"Lighter, flint"
tônem,Forge
tônet,"Advance, profit, progress"
tông,total
tông,soak
tông,Stealthily
tôngiet,cold
tôngla,master
tônglâp,"Box, container"
tôngë,"Charmed, absorbed, preoccupied"
tôngŭih,"moans, complaints"
tônh,"Changing, fickle, unfaithful"
tônhum,Cords
tônieo,kidneys
tônom,Bring together
tônôŭk,"dock, port"
tôpang,"Altercation, argument, arguing"
tôpha,Separately
tôpleh,"detach, separate"
tôpu,"Nest, make nest"
tôpât,"Straight, direct"
tôpôk,overthrow
"tôra,  dibal",confide
tôring,"outer edges, outside"
tôt nghiêp,graduate
tôta,"Charge commission, make recommendation"
tôti,Up
tôtiâ,"follow, pursue"
tôtoch,Loosen up
tôtreh,agitate violently
tôtô,Temperate
tôuk,"spread, pour, flow outside"
tôxin,"Nine, ninth"
tôxér,"slide in, push in"
tôxôch,To march
tôxôm,"harmony, content, joyful"
tôônên,"Quiet, peaceful, modest"
tôă,Drool
tăl,class
tăng,bitter
tăng,Bitter
"tăng, kŭl",Knee
tăp,poke
tăp,adjoin
tăp,adjacent
tăp dal,around
tăp trôm,pierce
tău hoa,train
tĕch,sell
tĕch bơdro,trade
tĕk wĕk,larva
tŏ,sun
tŏ,hot
tŏ,a
tŏ,animal
tŏ,rock
tŏ 'yĕr,chicken
tŏ chơ-uh chơ-ông,hot
tŏ deh,hot
tŏ hnam,house
tŏ kơpô,buffalo
tŏ phang,drought
tŏ tơmo,rock
tŏk,wade
tŏk đak,wade
tŏm,stab
tŏ̆,sun
"tũ, kapô ","Short horned buffalo, anoa"
"tũt, tŭôt","anger, resentment"
tŭi,"Obey, docile"
tŭk,"Reject, leave aside, abandon"
tŭk,light up
tŭk,Digging
tŭk bôlŭk,fall backwards 
tŭng,"Bend, sag"
tŭt,"withdraw, retreat"
tơ to,there
tơ'bra,branch
tơ'băl,pliable
tơ'băng,bamboo
tơ'bŏch,scab
tơ'bơ̆l,reply
tơ'bơ̆l,answer
tơ'bơ̆l,sing
tơ'lôp,gourd
tơ'măk,hang
tơ'ngiêt,cold
tơ'nglaih,release
tơ'yung,wave
tơ'yung kơ,wave
tơ'yung sŏk,ruffled
tơ-uh sơhngơ̆m,breathe
tơ-ơ̆u,here
tơbang,display
tơbla măt,dizzy
tơblah,fight
tơblah,war
tơbluôch,slip
tơbăng kram,bamboo shoot
tơchoh,chop
tơchuang,diagonal
tơchuang ti,row
tơdrah.,glade
tơdrong,story
tơdrong,matter
tơdrong,thing
tơdrong,work
tơdrong,song
tơdrong,stories
tơdrong,content
tơdrong,agent
tơdrong,feature
tơdrong,characteristic
tơdrong diêng diêu,custom
tơdrong joh,tune
tơdrong kră sơ̆,fairytale
tơdrong kră sơ̆,fairytales
tơdrong kơdô̆ suang,dance
tơdrong oh,song
tơdrong pơm,activity
tơdrong sơmĕnh,toy
tơdrong thu 'yŏk đĕh,quality
tơdrong thu 'yŏk đĕi,quality
tơdăm,youth
tơgel,slope
tơgel,pass
tơgong,leg
tơgŭm,help
tơhlông,bolt
tơhlông,install
tơhlông 'măng,bolt
tơhlông 'măng,door bolt
tơhlông 'măng,install
tơhlăk,stuck
tơhlăk,blocked
tơhlăk,clogged
tơhngam,eight
tơhnglo,man
tơhnglo,male
tơhnglo,husband
tơhning hla 'long,shade
tơja,tell
tơja 'beh,whisper
tơja bơluk bơluk,ramble
tơja tơhlăk tơhlăk,stammer
tơjil,butt
tơjil,hit
tơjil kơ̆l,butt
tơjroh tơjot,emulate
tơjrăng,oppose
tơjrưm,meet
tơjrưm,contact
tơjĕng,debate
tơjắt,fold
tơkach tơkal,plead
tơkai,deny
tơkal,plead
tơkan,to
tơkan,toward
tơklah,belt
tơklep,near
tơkot,lizard
tơkul kơtăng,kneel
tơkul tơkul,turbulent
"tơkơi, dak ",waterfall
tơkơn,press
tơkơn,overlap
tơkơĭ,reef
tơkơĭ,waterfall
tơkư,break
tơkư,broken
tơl,vow
tơlach,argue
tơlach tơ'bơ̆l,quarrel
tơlah,breakup
tơlang,radiate
tơliê̆,flute
tơlăi,rope
tơlĕi,string
tơlĕi bri,vine
tơm,root
tơm,rock
tơm 'long,root
tơm tơmo,rock
tơmam ram,goods
tơmam ram,things
tơmang,visit
tơme rong,care
tơmo,stone
tơmo,rock
tơmo,kick
tơmoi,guest
tơmon,fist
tơmon ngoh,fistful
tơmuh,hammer
tơmunh,later
tơmông,cock
tơmăn,by
tơmăn,flat
tơmăn 'ba,rice
tơmăn tơl,ensure
tơmưt,feed
tơmưt,insert
tơmưt,into
tơneh,papaya
tơngiêt,winter
tơnglaih jul,summer
tơnglaih jul,descend
tơnglơ̆i,generation
tơnglơ̆i,however
tơnglơ̆p,button
tơnglơ̆p,groan
tơngăng,poison
tơngơih,groan
tơnhul tơ teh,plunge
tơniêu,kidney
tơnuh,kitchen
tơnuh ŭnh,ash
tơnŏ,hot
tơnŏ,warm
tơnŏ tơnang,warm
tơnơl,foundation
tơnơl hnam,floor
tơnơm,dust
tơnơm,cluster
tơnơm 'long,bush
tơnơm 'long,grove
tơpa,turtle
tơpal,mortar
tơpang jưng,foot
tơpang ti,hand
tơpanh,lip
tơpau,meet
tơpau,contact
tơplih,exchange
tơploh,jump
tơploh,splash
tơplŏk,balloon
tơplŏk,burst
tơplŏk,speed
tơplŏk,speedup
tơplơ̆,speed
tơplơ̆,speedup
tơprah,overflow
tơprah,radiate
tơpu,nest
tơpu kŏ,kennel
tơpu kŏ,pack
tơpu sem,nest
tơpul,flock
tơpul 'yĕr,flock
tơpul kơpô,herd
tơpul sem,flock
tơpôl,flock
tơpôl sem,flock
tơpă,very
tơpăt,straight
tơpăt klak,honest
tơpĕnh,jump
tơpĕnh,rush
tơpơh,seven
tơpắt tơpe,straight
tơr,"Slab, cobblestone, stone"
tơrai,shattered
tơsi,sing
tơsu,chaos
tơsĕnh,Tet
tơsĕnh,braid
tơsĭ,sea
tơtam,timely
tơtra pơđam,discuss
tơtreh,splash
tơtreh đak,splash
tơtuanh,twist
tơtuh,hold
tơtông,thief
tơtông,robber
tơwang,around
tơwih,this
tơwing,strike
tơwing,swipe
tơwĕch,crooked
tơwĕch tơwŏch,crooked
tơwơih,sly
tơxĭnh,9
tơxĭnh,nine
tơyăn,sponge
tơyăn tăng,balsam pear
tơyơ,where
tơ̆k bơk,amidst
tơ̆k bơ̆k,heart
tơ̆k bơ̆k krong,midstream
tơ̆k ŭnh,light
tơ̆k ŭnh đen,light
tơ̆l,sufficient
tơ̆l,enough
tơ̆l,full
tơ̆l,answer
tơ̆l,say
tơ̆l,resonate
tơ̆l tai,full
tơ̆m,stab
tơ̆ng,if
tơ̆p,volume
tơ̆p bơ-al,break
tơ̆p sơ̆p hla bơ-al,book
tơ̆t ti,glove
tưk khưk,chameleon
tưng,stagnant
tảng,Pipe
tầng,Substitute
tắl,Floor
tẽk,Hand over
tế,infect
uai,Weave
uaih,scoop
uak,draw
ual,common house
uam,Muzzle
uao,"Think apart, reflect, understand"
uar,"gird, tie around"
UBND,council
uech,"Turn, steer"
ueng,"Difficulty, arduous"
uer,"Defend, protect, watch over, protector, defender, advocate"
uet,shoot
uey,"Guard, watch over, conserve, protect"
ug,grow
ugh,"Convene, invite, engage, train"
uh,No
ui,Squirm
uih,Go back
uil,"astonished, surprised, embarrassed"
uing,"meandering, whirling, dizzy"
uk,spill
ul,"Strong, violent, stinging, biting"
um,winnow
unh,Fire
uo,son
uoch,"regret, desire"
uoh,"beaten, frequented"
uot,"Mix, stir "
ut,"Cancer, chancre"
uâl,"Retracing, turning back"
uân,unemployed
uâng,surround
"uât, uot",Stir
uãr,capacity
ué,"Contoured, crooked"
"ué, pleh ",Height
uôl iêl,clean
uông,daughter
uĕi,sit
uĕi,in
uĕi,at
uĕi akău soh,naked
uĕi ha,leisurely
uĕi ha,idle
uĕi kah,stop
uĕi lơnŭn,naked
uĕi sreh,peaceful
uĕi teh,squat
vaccine,vaccine
vhotiel,"Slippery, smooth"
vi sinh,microbial
vi tri,location
virus,virus
vu,incident
vêt,scar
văh,if
văn hoa,culture
văn hŏk,literature
văn minh,civilized
Vĭnh,bay
Vĭt Nam,Vietnam
vưng,sesame
wai,spider
waih,wave
wal,meal
wal ngoh,meal
wang akŏm,shove
wang rTôp,surround
wang rTôp,besiege
wau,rush
Wau wau,rush
we,draw
weh,askew
weh,turn
weng,and
wi 'ban sa,committee
wih,return
wih piêu,return
wih rŏng,return
wih rŏng,retreat
wäk,stand
wäk plăi,stand
wêch,literature
wêch 'long,twig
wêl wêl,echo
wêng trong,lost
wă,greedy
wă,like
wă,want
wă,love
wă,intend
wă 'moih,desire
wă nưih,catch
wă nưih,timely
wă pơm,intend
wă tep,sleepy
wă tơ bơ̆l,love
wăi,hold
wăi,protect
wăi,wrap
wăi che,wrap
wăi rong,protect
wăng,sickle
wĕi,at
wĕi tơ to,there
wơih,patch
wơih,wave
wơih,grope
wơih ngoh,patch
wơih ti,wave
wơih ti,grope
wơl,stir
wơ̆i,at
wơ̆i tơ-ơ̆u,here
wơ̆i tơyơ,where
wơ̆l,wide
xa,"Eat, devour"
xa hôi,society
xabey,mustard
xac xuât,probability
xai,Broadcast
xake,Wild boar
xakok,Mats
xalang,"jars, dishes, bottles"
"xalôom, halom","safe, healthy"
xamât,devil
xamât,"pay homage, salute"
xamét,Bat
xanam,year
xang-nak,"Steep, fast"
xangieo,"Fresh, cold"
xaning,teeth
"xao, dak ",Moods
xap,"Bland, tasteless"
xar,Cymbals
xar-bar,Unfortunate accident
xaraih,"Comb, scrape"
xarôp,Get dressed.
xară,"Apart, separately, private, personal"
xară,Crossbow
xau,"great satisfaction, great relief"
xe,vehicle
xe may,motorcycle
xe ô tô,car
xeh,"Hatch, open"
xek,Lean meat
xele,consider
xem,Birds
xem rong,animal
"xem, xiem",nourish
xeo,Lever.
xiek,sharp
xik,rice wine
"xim, kon ","step son, step daughter"
xioô,"shame, complete waste."
xiây,"Free, released, justified"
xiă,Habit
xo,"Old, outdated, dilapidated"
xoai,Drunk
xobou,Wound
"xobuk, hôbuk, tờmam ",Linen goods
xobur,"Injury, injured"
"xobâu, xôbõu",Plague
"xoch, xôet",Insect bite 
xodah,"Germinate, open, blossom"
xodang,crack
"xodang, hôdang",The Sedang tribe.
xodong,"trust, confide"
xodrah,"matchmaker, defender, advocate"
xodrai,"Branch, branching"
xodrang,Fingers
"xodreng, tômam ","Solid, durable"
xodri,Groan
xodro,cicadas
xodrâm,well
xodré,"taboo, curse"
xodrông,"Caterpillar, silkworm"
xogaih,"free, cleared, tranquil"
"xogôr, hôgor","box, drum"
xogŭât,Convenient
xoh,Lungs
xoh,"set fire, burn"
xoh,Empty
xoi,Sacrifice
xoi,Late
xoing,Sheltered
xok,stir
xok,Braid
xoka,rough
"xokăng, hakang","Stiff, inflexible"
xol,illuminate
xolah,Path
xoleng-ket,"Not meeting on path, because we have strayed, we have deviated."
xolo,"Conversely, on the contrary"
xoluh,"Go ahead, overtake, take the lead"
xolung,Ditch
"xolung, xăng ",Cutlass
xolông,float
xom,"roll, surround, wrap"
xomet,Bat
xomiet,Gleanings
xon,"courage, moral strength, patience, constancy"
xonang,Tomb
xong,"Polish, plane"
xongah,"oath, swear"
xonglông,stars
xongom,Reduce
xongon,"Sad, distressed"
xonhuol,Net
xonir,Comb
xonit,"Alarmed, worried, alarmed"
xonong ko,"Rather than, preferably, comparatively"
xonà,Food
xonôm,paper roll
xop,"deflate, sag"
xopo,Tusks
xopuih,Sweep
xore,in debt
xoreng,Dry
xorep,"Secret, hidden"
xori,Tin
xoring,Put on
"xoring-xorong, jolà  ",Thorn
xoro,"Dried up, exhausted"
xorog,"Distracted, preoccupied"
xoroih,Early
xorol,illuminate
xorong,preserve
xoruh,"Less, lower, worse"
xorut,spill
xorâm,"Abundance, abundantly."
xorôi,down
xorôŭk,"Vermin, ringworm"
xotâp,sink in
xotă,"Tangled, intertwined hair, beard"
xouh,Overflow
xoxing,itching
xu,Stir up
xu xi,"Trampling, crushing"
xun,Swelling
xung,Chopped
xut,Bee
"xut, txut","Wipe, clean"
xuât ngu,discharge
xuôn,climb
xâm,"Abundance, in abundance"
xâm,With
xân,Separately
xârâp,Fully satisfied
xâu,"Grandson, great nephew"
xéo,gunpowder
xô,"profit, take advantage"
"xô, xŭ","He, him, his"
xôbôn,fluffy
xôdeéng,little finger
xôdor,awake
"xôgâu, hogâu",Bear
xôk,"Hair, fur, feathers"
xôk,cheerful
xôkâm,Threaten
xôleh,"detach, disunite"
xôleng,mysterious
xôluã,convenient
xôn,"Strong, firm"
xôneẽp,"Peaceful, quiet, happy, carefree"
xông,pair
xônglieng,shoulder
xônher mat,Squinty
xônong,"Share, portion."
xônă,"Nature, naturally"
xôoi,Mushrooms 
xôr,Nauseous
xôril,"resent, balk"
xôtăng,"Upright, sincere, true, frank"
xù,Conserve
xăng,gasoline
xăng,Knife
xăng,done
xăng,Sharp sight
xărxndăn,"Continually, constantly, always"
xương,factory
y tê,health
yaih,demolish
yaih hnam,demolish
yaih tŭk,destroy
yak,step
yak,walk
yak năm,step
yak năm,walk
yan,season
yan 'mi,rainy
yan lơngưp,autumn
yan puih,spring
yan tŏ phang,summer
yan tơngiêt,winter
yang,god
yang,saint
yang kông,mountaingod
yang plĕnh,skygod
yang yai,swallow
yang đak,watergod
yap,count
yiên viên,actor
yok 'long ŭnh,ash
yok ja,ash
yol,rabies
yua,because
yuh ŭnh,ginger
yui,shade
yui,shadow
yul,bib
yul lơmo,bib
yuô,because
yuô lơnhư,why
yuô yưng,why
yuăn,Viet
yä 'bok,ancestor
yôm,wet
yôm,soaked
yôm yŏch,drenched
yôm đak,waterproof
yôp,grin
yôp,suck
yă,grandmother
yă 'ngok,chrysalis
yă aguôt,scorpion
yă kơsŏng,shrimp
yă kơtĕi,shrimp
yă yai,toad
yă yang,fairy
yă ư,grandmother
yĕr,chicken
yŏng kră sut,prince
yơh,please
yơl,tall
yơl,height
yưm,purple
yưm,bruise
yưng,what
ách,"Great grandson, great granddaughter, great grandnephew, niece"
ék,Basil
ô,Rooster crowing
ô,"this, these"
ô tô,car
"ô, jue",right
ôi,guava
ôk,Earthworm
"ôk, dreng ",Pearl necklace
ôl,"deep pain, great sadness"
ôm,rotten
ôn,"hide, keep secret"
ông,Son in law
ôp,Wash hands
ôploh,downstream
ôreng,Big van
ôrôh,Roots
ôxai.,"Fishhook, angling"
ăn,give
ăn,to
đak,water
đak 'yol,water
đak blai,spill
đak bơbŏ,flood
đak chơ-uh,sweat
đak dơwing,whirlpool
đak jơrŭ,deep
đak lơngom,dew
đak măt,tears
đak pơluk,puddle
đak pơluk,pool
đak sut,honey
đak tih,flood
đak toh,milk
đak tưng,puddle
Đang,Party
đang viên,member
đao tao,training
đat,achieved
đau,sword
đe,family
đe,people
đe 'nhŏng,men
đe 'yoh,children
đe hơ 'yoh,children
đe hơ 'yĕ,children
đeh,birth
đen,lamp
điah,image
điah,carving
đim,not
đim keh,unfinished
đim keh,incomplete
đim khơh,poor
đim đi,remaining
đing,tube
điêl,mark
điêl,trace
điêm,point
điên,electricity
điên trŭk,bamboo
đo,measure
đoan,group
đoh,wear
đoh kong,wear
đon,ear
đu,silly
đuk,angry
đuk,sulky
đum,ripe
đum ngui,ripe
đunh,old
đunh pơgloh,latest
đunh đunh,occasionally
đuôn,hat
đuôt,pull
đuôt,withdraw
đuôt,retract
đuôt ti,pull
đuôt ti,withdraw
đuôt ti,retract
đuôĭ,tall
đuôĭ,long
đuôĭ,opponent
đàn,flock
đàn yĕr,flock
đâm,lagoon
đât,"extinguish, dry up"
đâu phung,peanut
đâu đô,bean
đô sa,food
đô sa,dish
đôi,friend
đôm ơ̆i,thatmany
đăm,year
đăng kyê,register
đĕi,allowed
đĭ,all
đĭ,none
đĭ,calm
đĭ pran,exhausted
đŏk,monkey
đŏng,save
đŏng,work
đŏng,skew
đŏng đeu,hesitant
đŏng đeu,winding
đơgiêng,branch
đơgiêng long,twig
đơn vĭ,unit
đơng,float
đơng,drift
đơng,of
đơng rong,after
đơng tơkan,achieve
đơng tơkan,adrift
đơt,batch
đơ̆i,get
đơ̆i,have
đơ̆i,can
đơ̆i bơne,praised
đơ̆i jên,rich
đơ̆k,lure
đưng,from
đưng kơdŭ,after
đưng kơdŭ,behind
đưng pơtơm,initially
đưng rŏng,after
đưng rŏng,since
đưng rŏng,behind
đưng rŏng 'nơ̆u,following
đưng sơ̆,long
ŏ,crow
ŏng mai,wedding
ŭn adjectif) signe du superlatif absolu,"large, huge"
ŭnh,fire
ŭnh hnam,family
ŭnh sa bri,wildfire
ơbơ̆u,thousand
ơh,disgusted
ơh,cloying
ơh,sick
ơĭ,have
ơĭ tơdrong,can
ơ̆i,that
ơ̆p,boil
ơ̆p,cook
ơ̆p,steam
ơ̆t,fast
ơ̆t sơhngơ̆m,hold
ư,grandparent
ư,great-grandparents
ư̆,yes
ư̆m,gloomy
‘kônang,"Young, recent"
